dateStamp,park_sv_id,play_guid,ab_total,ab_count,pitcher_id,batter_id,ab_id,des,type,id,sz_top,sz_bot,pfx_xDataFile,pfx_zDataFile,mlbam_pitch_name,zone_location,pitch_con,stand,strikes,balls,p_throws,gid,pdes,spin,norm_ht,inning,pitcher_team,tstart,vystart,ftime,pfx_x,pfx_z,uncorrected_pfx_x,uncorrected_pfx_z,x0,y0,z0,vx0,vy0,vz0,ax,ay,az,start_speed,px,pz,pxold,pzold,sb
5/17/2016,160517_192407kca,53ecce7a-4d6d-4e9b-8254-4b3caaf7471d,7,2,519144,456715,5,Groundout,S,34,3.79,1.75,-10.821,7.223,FT,11,0.917,R,0,1,R,gid_2016_05_17_bosmlb_kcamlb_1/,Foul,236.105,0.0509804,1,bos,0.076408703,-129.8302923,0.307117279,-9.501333624,6.799602704,-9.501333624,6.799602704,-1.701859087,55,6.159402552,6.21985226,-132.9525283,-3.36472832,-16.78899944,27.34899918,-20.16399974,90.78,-0.571386649,2.95262098,-0.525,2.822,10
5/17/2016,160517_192431kca,1430469a-4c7f-492d-a69a-1110c9073819,7,3,519144,456715,5,Groundout,B,35,3.79,1.75,6.289,-7.549,CU,24,0.907,R,1,1,R,gid_2016_05_17_bosmlb_kcamlb_1/,Ball,40.0063,-2.17647,1,bos,0.09162454,-108.0261336,0.372823919,8.167225271,-8.117185328,8.167225271,-8.117185328,-1.676972774,55,6.350340788,4.410097935,-111.3541896,-0.413751352,9.792999866,24.33700005,-41.91199893,75.98,1.841707835,0.698051208,1.852,0.55,11
5/17/2016,160517_192448kca,d2a8ef58-1d97-45f9-ab66-544177e31a0c,7,4,519144,456715,5,Groundout,B,36,3.79,1.75,-8.964,4.926,FT,15,0.945,R,1,2,R,gid_2016_05_17_bosmlb_kcamlb_1/,Ball,240.992,-0.307843,1,bos,0.076711581,-129.3698315,0.307670094,-7.645381347,4.506805,-7.645381347,4.506805,-1.779797923,55,6.204111001,3.308521727,-132.3245001,-3.445522566,-13.46100032,25.77400032,-24.24399966,90.28,-1.582920024,2.587195031,-1.538,2.456,21
5/17/2016,160517_192507kca,a0b5ee37-4446-45da-8def-9f2e8bdaa5bc,7,5,519144,456715,5,Groundout,S,37,3.79,1.75,-9.795,7.234,FT,24,0.917,R,1,3,R,gid_2016_05_17_bosmlb_kcamlb_1/,Called Strike,233.377,-0.930392,1,bos,0.076397502,-129.8556699,0.306991811,-8.479695718,6.810446158,-8.479695718,6.810446158,-1.686916183,55,6.272529746,9.446116361,-132.9594863,-6.017880388,-14.99600017,27.19100014,-20.13500041,90.98,0.961377128,1.95263167,1.01,1.821,31
5/17/2016,160517_192529kca,ca47cc43-9c87-41ba-8589-4149f303b598,7,6,519144,456715,5,Groundout,S,38,3.79,1.75,-3.99,9.653,FF,13,0.927,R,2,3,R,gid_2016_05_17_bosmlb_kcamlb_1/,Foul,202.343,0.0823529,1,bos,0.073693509,-134.6343163,0.295962072,-2.782321483,9.252506726,-2.782321483,9.252506726,-1.586316152,55,6.266437885,6.035810352,-137.8105551,-5.128207666,-5.294000027,28.84499947,-14.57399959,94.12,0.428187398,2.982414373,0.482,2.854,32
5/17/2016,160517_192551kca,a6129e34-9f4e-4a20-a748-9c4c2435ac0f,7,7,519144,456715,5,Groundout,X,39,3.79,1.75,-9.116,6.499,FT,15,0.912,R,2,3,R,gid_2016_05_17_bosmlb_kcamlb_1/,"In play, out(s)",234.326,-0.392157,1,bos,0.075760717,-130.9070578,0.304934193,-7.820212928,6.082884136,-7.820212928,6.082884136,-1.752509814,55,6.08524683,5.246513138,-134.1562439,-4.124856262,-14.01700008,28.70800034,-21.27599925,91.58,-0.784089166,2.500885207,-0.737,2.37,32
5/17/2016,160517_192627kca,76efea9d-48ec-4f1e-86eb-bdb1721d072f,5,1,519144,543333,6,Walk,S,43,3.68,1.67,-4.235,10.828,FF,12,0.94,L,0,0,R,gid_2016_05_17_bosmlb_kcamlb_1/,Called Strike,201.257,0.287562,1,bos,0.07416333,-133.7070547,0.298740468,-3.004015895,10.41659912,-3.004015895,10.41659912,-1.811714447,55,6.174790325,5.419454988,-137.0844867,-4.921935541,-5.610000011,30.48600021,-12.72600002,93.6,-0.062743481,3.092000254,-0.01,2.964,0
5/17/2016,160517_192643kca,d81e487c-994d-4a57-825c-22d7cc93a7ab,5,2,519144,543333,6,Walk,B,44,3.68,1.67,-4.142,9.942,FF,24,0.916,L,1,0,R,gid_2016_05_17_bosmlb_kcamlb_1/,Ball,202.502,-0.819901,1,bos,0.074695943,-132.7651645,0.300745446,-2.894692121,9.52795461,-2.894692121,9.52795461,-1.748706165,55,6.199174043,9.035775252,-136.084308,-7.21658455,-5.333999989,29.74499908,-14.62199992,93.12,1.523577913,1.980581047,1.577,1.851,1
5/17/2016,160517_192702kca,e372db6e-c220-47de-9574-9d049f8c9bc5,5,3,519144,543333,6,Walk,B,45,3.68,1.67,0.37,5.191,SL,24,0.905,L,1,1,R,gid_2016_05_17_bosmlb_kcamlb_1/,Ball,176.003,-1.13532,1,bos,0.080754745,-122.7504665,0.325909348,1.820770155,4.721765813,1.820770155,4.721765813,-1.782131559,55,6.017344934,6.620126872,-125.9803437,-4.206727878,2.856999996,26.77899948,-24.77000064,86.06,1.458692068,1.669653235,1.499,1.534,11
5/17/2016,160517_192722kca,62797530-d883-4b5e-afa1-ce7341cd5eec,5,4,519144,543333,6,Walk,B,46,3.68,1.67,-9.269,8.238,CH,23,0.93,L,1,2,R,gid_2016_05_17_bosmlb_kcamlb_1/,Ball,228.174,-1.80498,1,bos,0.083245176,-119.0651645,0.336159252,-7.695507403,7.729408472,-7.695507403,7.729408472,-1.717328847,55,6.214255041,7.568260649,-122.2370787,-6.54139409,-11.35000026,25.51300064,-20.77899951,83.62,0.564370252,0.999038859,0.595,0.861,21
5/17/2016,160517_192742kca,38e18080-1f48-4efb-9182-70743b10f6a3,5,5,519144,543333,6,Walk,B,47,3.68,1.67,-10.615,7.664,FT,22,0.915,L,1,3,R,gid_2016_05_17_bosmlb_kcamlb_1/,Ball,234.006,-1.74627,1,bos,0.075226961,-131.7751263,0.303540665,-9.326653521,7.249149715,-9.326653521,7.249149715,-1.713155597,55,6.257691654,7.777440663,-135.2281181,-8.552055606,-16.87100017,30.7320005,-19.06600017,92.54,0.062366876,1.052005729,0.112,0.92,31
5/17/2016,160517_192824kca,a52d1a22-e467-4017-98db-15a2a19ad4f2,2,1,519144,434778,7,Forceout,B,51,3.5,1.65,5.469,-4.88,CU,24,0.894,L,0,0,R,gid_2016_05_17_bosmlb_kcamlb_1/,Ball In Dirt,48.5789,-4.23351,1,bos,0.089638966,-110.4522588,0.364138402,7.262855662,-5.431429687,7.262855662,-5.431429687,-1.656828706,55,6.29528133,5.65881167,-113.7552261,-5.326274028,9.128999832,24.68499962,-39.0060007,77.74,2.292658891,-1.192534009,2.31,-1.341,0
5/17/2016,160517_192853kca,714ae5b8-6ac5-4db2-b9c0-0a6b565f4c8c,2,2,519144,434778,7,Forceout,X,52,3.5,1.65,-8.585,5.574,CH,15,0.934,L,0,1,R,gid_2016_05_17_bosmlb_kcamlb_1/,"In play, out(s)",236.751,-0.105946,1,bos,0.083188561,-119.1796677,0.335419678,-7.021071861,5.076286591,-7.021071861,5.076286591,-1.580936359,55,6.260952078,3.98615952,-122.2541746,-2.268277414,-10.4009999,24.74300018,-24.65900058,83.41,-0.847469326,2.613053947,-0.819,2.477,10
5/17/2016,160517_194119kca,fcdc5a6b-cc91-4fb4-b17d-64928025e6d1,3,1,519144,460086,13,Strikeout,S,100,3.31,1.53,8.455,-7.223,CU,22,0.909,L,0,0,R,gid_2016_05_17_bosmlb_kcamlb_1/,Called Strike,49.7134,-0.0393258,2,bos,0.09142782,-108.3407987,0.370471712,10.30193193,-7.785328351,10.30193193,-7.785328351,-1.888755216,55,6.325015441,-0.109913165,-111.4316771,3.067690262,12.51000035,22.6429998,-41.6329996,76,-0.336806766,2.529957654,-0.327,2.385,0
5/17/2016,160517_194136kca,8ccd793a-055c-40a1-96bc-a1398b7f100a,3,2,519144,460086,13,Strikeout,S,101,3.31,1.53,-3.917,10.909,FF,18,0.946,L,1,0,R,gid_2016_05_17_bosmlb_kcamlb_1/,Called Strike,199.647,-0.225843,2,bos,0.075742234,-130.9164694,0.305142795,-2.633583416,10.48014203,-2.633583416,10.48014203,-1.64727769,55,6.253507206,5.817309682,-134.2334978,-6.527074821,-4.714000103,29.31699959,-13.42000026,91.72,0.373623983,2.349349621,0.424,2.219,1
5/17/2016,160517_194153kca,bd64f33d-3c7b-4032-b234-9ee21c64d925,3,3,519144,460086,13,Strikeout,S,102,3.31,1.53,-6.042,10.538,FF,12,0.895,L,2,0,R,gid_2016_05_17_bosmlb_kcamlb_1/,Swinging Strike,209.703,0.444944,2,bos,0.07439222,-133.2783205,0.299873134,-4.796540759,10.12507089,-4.796540759,10.12507089,-1.666431754,55,6.313939684,5.647521224,-136.6969666,-5.442353275,-8.890000221,30.76499954,-13.41300029,93.36,-0.096170885,2.944354387,-0.045,2.816,2
5/17/2016,160517_194225kca,39eacfa5-4448-48e0-b5af-78583fcc69fa,4,1,519144,521692,14,Flyout,S,106,3.56,1.57,-0.772,5.836,SL,23,0.901,R,0,0,R,gid_2016_05_17_bosmlb_kcamlb_1/,Called Strike,187.435,-0.80402,2,bos,0.079696304,-124.4536704,0.320620783,0.635289687,5.379607964,0.635289687,5.379607964,-1.832707971,55,6.218972318,4.290450237,-127.5093567,-4.668526179,1.029999974,25.66399971,-23.45700092,87.05,0.15329046,1.898933593,0.195,1.765,0
5/17/2016,160517_194241kca,2eab3ba9-e9f6-4d8f-b034-492c60264888,4,2,519144,521692,14,Flyout,S,107,3.56,1.57,-9.157,9.778,FT,15,0.496,R,1,0,R,gid_2016_05_17_bosmlb_kcamlb_1/,Foul,222.979,-0.221106,2,bos,0.074946039,-132.2546661,0.302585689,-7.880405128,9.359251776,-7.880405128,9.359251776,-1.813779055,55,6.261090788,3.395574254,-135.7634219,-5.994947382,-14.34499919,31.34700027,-15.14200038,92.69,-1.638662563,2.475216789,-1.591,2.345,1
5/17/2016,160517_194301kca,520f6919-22aa-4106-88d1-cb6205c699fd,4,3,519144,521692,14,Flyout,B,108,3.56,1.57,-10.899,6.663,FT,19,0.91,R,2,0,R,gid_2016_05_17_bosmlb_kcamlb_1/,Ball,238.389,0.0271357,2,bos,0.075212182,-131.8873676,0.30241069,-9.619493764,6.253686186,-9.619493764,6.253686186,-1.573929302,55,6.197540393,11.03444107,-135.0841136,-4.068753804,-17.53100002,28.44800011,-20.78199977,92.45,1.494896349,2.722215478,1.546,2.592,2
5/17/2016,160517_194313kca,b0423702-0cbe-41e0-b2bd-206f898781d8,4,4,519144,521692,14,Flyout,X,109,3.56,1.57,6.816,-9.88,CU,23,0.909,R,2,1,R,gid_2016_05_17_bosmlb_kcamlb_1/,"In play, out(s)",34.7434,-0.658291,2,bos,0.092647347,-106.9013472,0.375670334,8.720875906,-10.44913293,8.720875906,-10.44913293,-1.676528352,55,6.196781039,1.199644949,-109.9912181,3.386181874,10.29899991,22.33900085,-44.51900119,75.03,0.300464354,2.056714027,0.306,1.91,12
5/17/2016,160517_194352kca,bae57d39-96c0-491b-9653-a9a025c65a07,5,1,519144,596144,15,Single,B,113,3.23,1.39,-11.264,6.612,FT,0,0.916,R,0,0,R,gid_2016_05_17_bosmlb_kcamlb_1/,Ball,239.414,1.75109,2,bos,0.075946686,-130.5666317,0.305933642,-9.953870205,6.193581657,-9.953870205,6.193581657,-1.617151859,55,6.296444594,4.2027466,-133.867006,-0.921804547,-17.72500026,29.09099976,-21.1499998,91.32,-1.41333979,4.049922642,-1.368,3.921,0
5/17/2016,160517_194408kca,0faece95-9692-4246-9b36-1c3a259955c8,5,2,519144,596144,15,Single,S,114,3.23,1.39,-10.055,4.672,FT,12,0.917,R,0,1,R,gid_2016_05_17_bosmlb_kcamlb_1/,Foul,244.868,0.505435,2,bos,0.077111817,-128.6156238,0.310343362,-8.710355199,4.246247898,-8.710355199,4.246247898,-1.845362401,55,6.142384669,7.149101861,-131.8012469,-2.320234626,-15.07299983,27.65300003,-24.83099956,90.01,-0.16787498,2.90677367,-0.123,2.775,10
5/17/2016,160517_194427kca,5cc95987-29b2-4743-b05a-c0c1f252e3d1,5,3,519144,596144,15,Single,S,115,3.23,1.39,-6.373,10.585,FF,23,0.881,R,1,1,R,gid_2016_05_17_bosmlb_kcamlb_1/,Called Strike,210.923,-0.304348,2,bos,0.074720544,-132.7269979,0.300776785,-5.118604541,10.16935865,-5.118604541,10.16935865,-1.506778315,55,6.317925582,6.34601462,-136.0285484,-7.30984837,-9.430000183,29.57699982,-13.44400043,92.98,0.308419575,2.160112163,0.36,2.03,11
5/17/2016,160517_194446kca,b9793d43-c746-46a6-9cb0-5f465def80fe,5,4,519144,596144,15,Single,B,116,3.23,1.39,-10.253,6.55,FT,24,0.924,R,2,1,R,gid_2016_05_17_bosmlb_kcamlb_1/,Ball,237.247,-1.11522,2,bos,0.075021899,-132.1808253,0.302150233,-8.976831686,6.142129202,-8.976831686,6.142129202,-1.580899989,55,6.202703234,9.046152064,-135.5078618,-7.215239312,-16.38800037,29.68700043,-20.96599979,92.73,0.760280752,1.415384124,0.811,1.284,12
5/17/2016,160517_194503kca,2caf1739-acd2-46a3-ac79-072cc237c520,5,5,519144,596144,15,Single,X,117,3.23,1.39,4.94,-9.122,CU,13,0.896,R,2,2,R,gid_2016_05_17_bosmlb_kcamlb_1/,"In play, no out",28.5723,1.00109,2,bos,0.091851242,-107.7913824,0.373136478,6.825930852,-9.685452723,6.825930852,-9.685452723,-1.836369534,55,6.265831729,2.320218898,-111.0165399,5.501960586,8.171000126,23.52300087,-43.77299899,75.8,0.411135715,3.375120145,0.419,3.231,22
5/17/2016,160517_194544kca,7313fcda-0147-40cd-b7ff-4bdefc463273,3,1,519144,408299,16,Strikeout,S,121,3.16,1.47,-7.531,7.272,FT,11,0.774,R,0,0,R,gid_2016_05_17_bosmlb_kcamlb_1/,Foul,225.812,0.915976,2,bos,0.076833531,-129.1250129,0.308663535,-6.207428691,6.844234818,-6.207428691,6.844234818,-1.666344313,55,6.216909445,5.535308722,-132.1925449,-2.800792081,-10.85900008,26.71999947,-20.20599956,90.23,-0.295968191,3.219191378,-0.25,3.089,0
5/17/2016,160517_194629kca,06ae0057-931e-4469-955d-090ef0dd2cce,3,2,519144,408299,16,Strikeout,S,122,3.16,1.47,0.76,2.04,SL,24,0.894,R,1,0,R,gid_2016_05_17_bosmlb_kcamlb_1/,Swinging Strike,160.026,-0.429586,2,bos,0.080615816,-123.0002766,0.324801437,2.199591065,1.582440154,2.199591065,1.582440154,-1.872519593,55,6.10787009,5.495670609,-126.1218776,-2.420567053,3.475000027,25.92199913,-29.67899913,86.09,0.918681312,2.088665477,0.959,1.952,1
5/17/2016,160517_194650kca,18feaca1-641c-4192-b407-856574c239cf,3,3,519144,408299,16,Strikeout,S,123,3.16,1.47,-10.132,7.034,FT,13,0.912,R,2,0,R,gid_2016_05_17_bosmlb_kcamlb_1/,Called Strike,235.057,0.418935,2,bos,0.074896722,-132.3213911,0.302639421,-8.852599198,6.623101335,-8.852599198,6.623101335,-1.462507665,55,6.242593331,7.861293511,-135.8930113,-4.136224853,-16.10899913,31.93199936,-20.12699908,92.85,0.412138132,2.799271495,0.461,2.669,2
5/17/2016,160517_195535kca,0b68a876-51a5-4105-a591-1db509807f62,2,1,519144,449181,20,Triple,B,151,3.52,1.62,-10.432,8.888,FT,1,0.874,R,0,0,R,gid_2016_05_17_bosmlb_kcamlb_1/,Ball,229.41,1.48632,3,bos,0.077593404,-127.7248666,0.313507038,-9.058688512,8.441841156,-9.058688512,8.441841156,-1.670231525,55,6.249855583,6.203104909,-131.1658932,-1.143066164,-15.36099994,29.69499985,-17.8640005,89.53,-0.422775755,4.112249773,-0.38,3.982,0
5/17/2016,160517_195552kca,d4748b74-f299-4b18-8fb6-e8c4dbe23d28,2,2,519144,449181,20,Triple,X,152,3.52,1.62,-0.052,4.23,SL,12,0.88,R,0,1,R,gid_2016_05_17_bosmlb_kcamlb_1/,"In play, no out",180.647,0.52,3,bos,0.081441978,-121.7906039,0.327577951,1.415168856,3.758117236,1.415168856,3.758117236,-1.794974624,55,6.149559414,3.484567372,-124.7672682,-0.652174086,2.198000002,24.46400085,-26.34199924,85.1,-0.007725058,3.198321944,0.029,3.064,10
5/17/2016,160517_195659kca,990f09dd-992e-48f6-885b-492ae4a3fe13,7,1,519144,444876,21,Groundout,B,156,3.4,1.55,-10.798,7.936,FT,21,0.914,R,0,0,R,gid_2016_05_17_bosmlb_kcamlb_1/,Ball,233.522,-1.84865,3,bos,0.076369048,-129.8161998,0.307997987,-9.471097531,7.508008481,-9.471097531,7.508008481,-1.70385972,55,6.240641338,6.490326663,-133.1826028,-8.651153974,-16.63999927,29.51199928,-18.98799915,91.11,-0.446634848,0.898055298,-0.401,0.765,0
5/17/2016,160517_195722kca,f5e057ed-0cf0-4952-aaa0-2af2017727ba,7,2,519144,444876,21,Groundout,S,157,3.4,1.55,-7.888,11.313,FF,16,0.813,R,0,1,R,gid_2016_05_17_bosmlb_kcamlb_1/,Swinging Strike,214.759,-0.0702703,3,bos,0.076171182,-130.1324892,0.307467739,-6.573494541,10.87641406,-6.573494541,10.87641406,-1.736795492,55,6.186559133,5.452670263,-133.5698871,-5.915135027,-11.58899963,30.21500031,-13.00399989,91.24,-0.468112837,2.541250894,-0.422,2.41,10
5/17/2016,160517_195744kca,be8d9877-b9e2-41b8-a719-e83cd2d839d7,7,3,519144,444876,21,Groundout,B,158,3.4,1.55,-12.444,6.502,FT,20,0.918,R,1,1,R,gid_2016_05_17_bosmlb_kcamlb_1/,Ball,242.251,-1.63784,3,bos,0.075503621,-131.3179566,0.304334741,-11.14436528,6.087889003,-11.14436528,6.087889003,-1.78549101,55,6.207927908,6.583581113,-134.6819057,-7.837803384,-20.05400073,29.82699982,-21.22399921,92.09,-0.78392573,1.092350854,-0.737,0.96,11
5/17/2016,160517_195805kca,d5ecf621-19c7-45bb-b835-d2550e23a029,7,4,519144,444876,21,Groundout,B,159,3.4,1.55,-10.397,7.544,FT,20,0.906,R,1,2,R,gid_2016_05_17_bosmlb_kcamlb_1/,Ball,233.87,-1.62162,3,bos,0.075189795,-131.7855388,0.304075898,-9.10493331,7.127722605,-9.10493331,7.127722605,-1.670072338,55,6.143691562,5.563729076,-135.4029845,-8.072003826,-16.41200053,32.21799866,-19.33099956,92.56,-0.776106276,1.10736885,-0.729,0.975,21
5/17/2016,160517_195827kca,115b6572-6de8-4eb3-9eec-5b0ae79122e2,7,5,519144,444876,21,Groundout,S,160,3.4,1.55,-10.248,11.864,FT,22,0.64,R,1,3,R,gid_2016_05_17_bosmlb_kcamlb_1/,Foul,220.698,-1.04865,3,bos,0.074673069,-132.7001792,0.30195267,-8.973848609,11.44160276,-8.973848609,11.44160276,-1.785693896,55,6.13918775,8.1392688,-136.334616,-8.566071933,-16.40399921,32.59299866,-11.26400012,93.3,0.177442733,1.634677914,0.228,1.505,31
5/17/2016,160517_195901kca,91c0e99c-635c-431f-812e-4278f4946c52,7,6,519144,444876,21,Groundout,S,161,3.4,1.55,-8.392,6.821,CH,5,0.945,R,2,3,R,gid_2016_05_17_bosmlb_kcamlb_1/,Foul,230.668,0.968649,3,bos,0.083941949,-118.1338924,0.338088066,-6.804032773,6.310927421,-6.804032773,6.310927421,-1.625278605,55,6.148391119,3.903257525,-121.1097707,-0.377529404,-9.921000359,23.7320005,-22.97699947,82.62,-0.881780402,3.505524231,-0.855,3.371,32
5/17/2016,160517_195935kca,52c4619f-360a-48ca-98df-3d57e01a05bb,7,7,519144,444876,21,Groundout,X,162,3.4,1.55,0.466,5.792,SL,22,0.914,R,2,3,R,gid_2016_05_17_bosmlb_kcamlb_1/,"In play, run(s)",175.475,-1.35784,3,bos,0.077785197,-127.6273375,0.311415246,1.790434721,5.360830462,1.790434721,5.360830462,-1.976738658,55,6.033214418,3.728609931,-130.412834,-6.035365387,3.077000025,23.95899979,-22.96599979,89.05,-0.100712539,1.351755776,-0.054,1.219,32
5/17/2016,160517_200018kca,01baf388-a83d-4121-ad69-823222975243,4,1,519144,456715,22,Lineout,B,168,3.79,1.75,5.758,-6.686,CU,24,0.889,R,0,0,R,gid_2016_05_17_bosmlb_kcamlb_1/,Ball,40.9505,-2.59804,3,bos,0.08836964,-112.08107,0.358238101,7.492170389,-7.212658904,7.492170389,-7.212658904,-1.702526149,55,6.276040531,4.873121445,-115.3057944,-2.080085865,9.730000141,24.44199959,-41.54600162,78.7,1.855015627,0.265416993,1.875,0.12,0
5/17/2016,160517_200036kca,4c04816a-1dc2-45af-8316-45e52f367802,4,2,519144,456715,22,Lineout,S,169,3.79,1.75,-7.819,8.601,CH,17,0.932,R,0,1,R,gid_2016_05_17_bosmlb_kcamlb_1/,Foul,222.088,-0.486275,3,bos,0.083263328,-119.236786,0.333251861,-6.277597089,8.099372414,-6.277597089,8.099372414,-1.531870855,55,6.267489344,5.435039118,-121.8199128,-3.848237149,-9.421000359,20.75600067,-20.02400035,83.18,-0.031051731,2.408732132,0,2.274,10
5/17/2016,160517_200055kca,c4b85322-a03b-4c11-8fe7-7230302484c4,4,3,519144,456715,22,Lineout,S,170,3.79,1.75,-8.837,5.934,FT,16,0.922,R,1,1,R,gid_2016_05_17_bosmlb_kcamlb_1/,Foul,235.919,-0.572549,3,bos,0.075648393,-131.1170262,0.304287273,-7.547627298,5.521556477,-7.547627298,5.521556477,-1.672668227,55,6.074536431,5.489719753,-134.3246239,-4.36187359,-13.58600032,28.38100067,-22.23999995,91.71,-0.564737071,2.317846654,-0.516,2.186,11
5/17/2016,160517_200116kca,64ff20a1-f696-4e08-a56a-69daa4270cb7,4,4,519144,456715,22,Lineout,X,171,3.79,1.75,-4.774,10.642,FF,12,0.932,R,2,1,R,gid_2016_05_17_bosmlb_kcamlb_1/,"In play, out(s)",204.046,0.266667,3,bos,0.074084018,-133.783756,0.299224223,-3.536996236,10.23010557,-3.536996236,10.23010557,-1.451514065,55,6.288449212,4.866694075,-137.3624527,-4.914782279,-6.584000465,32.34500137,-13.13599986,93.77,-0.009851816,3.170719246,0.042,3.042,12
5/17/2016,160517_200155kca,6dde3a5b-3ef4-4fbf-98d8-1fc066a2a268,2,1,519144,543333,23,Home Run,B,175,3.68,1.67,7.522,-7.248,CU,24,0.904,L,0,0,R,gid_2016_05_17_bosmlb_kcamlb_1/,Ball,46.2773,-1.07562,3,bos,0.089237643,-110.882664,0.363709647,9.304641487,-7.788659591,9.304641487,-7.788659591,-1.647434677,55,6.334562874,1.619010075,-114.3974876,1.182703646,11.72299969,26.39399925,-41.99200076,78.01,0.60411763,1.738648166,0.62,1.594,0
5/17/2016,160517_200211kca,fa61cd56-b243-4999-85f1-cc62ceb4c269,2,2,519144,543333,23,Home Run,X,176,3.68,1.67,-8.835,6.586,CH,21,0.943,L,0,1,R,gid_2016_05_17_bosmlb_kcamlb_1/,"In play, run(s)",233.065,-1.11642,3,bos,0.084735771,-117.0418259,0.341055361,-7.217811567,6.067651202,-7.217811567,6.067651202,-1.449241775,55,6.262953943,5.00084238,-119.9462755,-4.286085301,-10.34199989,22.9440004,-23.48500079,81.9,-0.241479031,1.690660442,-0.216,1.553,10
5/17/2016,160517_200258kca,cf724eac-7f72-4bf4-b946-850bf40e554c,3,1,519144,434778,24,Groundout,S,181,3.5,1.65,-9.531,6.617,CH,16,0.925,L,0,0,R,gid_2016_05_17_bosmlb_kcamlb_1/,Foul,235.01,0.0324324,3,bos,0.082851609,-119.6864294,0.333728505,-7.979552736,6.120485657,-7.979552736,6.120485657,-1.576969878,55,6.270471389,5.058550644,-122.7077887,-2.449166202,-11.94099986,24.41200081,-23.02000064,83.75,-0.512342207,2.740981689,-0.482,2.605,0
5/17/2016,160517_200325kca,c29c8f80-7c61-412a-9365-939064333c43,3,2,519144,434778,24,Groundout,S,182,3.5,1.65,9.246,-5.716,CU,24,0.902,L,1,0,R,gid_2016_05_17_bosmlb_kcamlb_1/,Swinging Strike,58.5257,-1.03676,3,bos,0.088969361,-111.1424866,0.363976038,11.02486547,-6.262790351,11.02486547,-6.262790351,-1.62035664,55,6.353597041,1.053112568,-114.8891741,0.702754127,13.87000001,28.22900024,-40.05799884,78.34,0.613644561,1.761330676,0.63,1.616,1
5/17/2016,160517_200342kca,53a2afde-0f1e-4989-9391-22e893ceb771,3,3,519144,434778,24,Groundout,X,183,3.5,1.65,9.058,-8.065,CU,22,0.914,L,2,0,R,gid_2016_05_17_bosmlb_kcamlb_1/,"In play, out(s)",48.5401,-0.431351,3,bos,0.095548093,-103.5016756,0.39064357,11.11098096,-8.688264453,11.11098096,-8.688264453,-1.547140821,55,6.375132905,-0.601326505,-106.9558641,3.508332489,12.13500035,24.2320005,-41.66799945,72.96,-0.142842908,2.322873829,-0.149,2.176,2
5/17/2016,160517_201313kca,5b446618-d51b-4f53-af3f-8675003be75e,3,1,519144,460086,30,Groundout,S,216,3.31,1.53,-6.604,11.033,FF,18,0.872,L,0,0,R,gid_2016_05_17_bosmlb_kcamlb_1/,Called Strike,210.78,-0.139326,4,bos,0.075682568,-130.9636468,0.305609252,-5.309620436,10.60298972,-5.309620436,10.60298972,-1.651329285,55,6.214602934,7.066877618,-134.4499787,-6.27483311,-9.475000259,30.84400002,-13.2579996,91.9,0.476849353,2.425939951,0.526,2.296,0
5/17/2016,160517_201325kca,0df05c27-49cc-47f9-a9db-c69cb665e5fc,3,2,519144,460086,30,Groundout,B,217,3.31,1.53,-0.804,6.159,SL,19,0.861,L,1,0,R,gid_2016_05_17_bosmlb_kcamlb_1/,Ball,187.34,0.0438202,4,bos,0.081081311,-122.2309676,0.327592342,0.665149165,5.681134229,0.665149165,5.681134229,-1.971703339,55,6.064572182,7.320673197,-125.5225058,-2.496601218,1.032999995,27.18300072,-23.35599918,85.75,1.416895482,2.593487647,1.456,2.459,1
5/17/2016,160517_201340kca,fec05e05-20fe-4dfc-898e-db22220a06e4,3,3,519144,460086,30,Groundout,X,218,3.31,1.53,-10.872,4.241,CH,15,0.928,L,1,1,R,gid_2016_05_17_bosmlb_kcamlb_1/,"In play, out(s)",248.436,0.249438,4,bos,0.085973863,-115.3078385,0.34682518,-9.193348596,3.712559716,-9.193348596,3.712559716,-1.768814363,55,6.012415762,3.847580037,-118.3147397,-0.378678336,-12.73799979,23.41600052,-27.03500003,80.71,-1.378735988,2.77955914,-1.359,2.642,11
5/17/2016,160517_201417kca,f463fe14-323c-460b-8fc4-8d9869d774db,4,1,519144,521692,31,Single,S,222,3.56,1.57,6.948,-9.617,CU,24,0.903,R,0,0,R,gid_2016_05_17_bosmlb_kcamlb_1/,Swinging Strike,35.9847,-0.505528,4,bos,0.088568039,-111.7500954,0.360459048,8.700941226,-10.14083359,8.700941226,-10.14083359,-1.775167786,55,6.104715022,2.3511941,-115.2050077,3.215907624,11.16100037,26.13699928,-45.18700046,78.6,0.737483452,2.205678988,0.755,2.062,0
5/17/2016,160517_201434kca,424df025-f489-454d-b52b-38947a215dec,4,2,519144,521692,31,Single,B,223,3.56,1.57,-11.37,7.485,FT,21,0.912,R,1,0,R,gid_2016_05_17_bosmlb_kcamlb_1/,Ball,236.478,-1.47337,4,bos,0.075780002,-130.6848762,0.307416618,-10.04606857,7.059521646,-10.04606857,7.059521646,-1.798058776,55,6.013550505,7.025744211,-134.4948955,-7.223106369,-17.71700084,33.67800156,-19.72900027,91.96,-0.410114555,1.231297957,-0.364,1.099,1
5/17/2016,160517_201449kca,66ec7aac-0f0a-46ed-be54-63010618f392,4,3,519144,521692,31,Single,B,224,3.56,1.57,-1.609,5.758,SL,24,0.876,R,1,1,R,gid_2016_05_17_bosmlb_kcamlb_1/,Ball,195.456,-1.71357,4,bos,0.079724855,-124.3897925,0.321003798,-0.195988637,5.300966808,-0.195988637,5.300966808,-1.732456123,55,6.002809026,7.535481548,-127.5018449,-6.184577362,-0.317000029,26.12999931,-23.60499973,87.19,1.553207958,0.994977843,1.596,0.86,11
5/17/2016,160517_201507kca,2f9f9fde-e488-400d-85e9-1246b3423deb,4,4,519144,521692,31,Single,X,225,3.56,1.57,-9.527,11.095,FF,15,0.517,R,1,2,R,gid_2016_05_17_bosmlb_kcamlb_1/,"In play, no out",220.516,-0.223116,4,bos,0.076172499,-130.0339556,0.308716152,-8.197240517,10.65669771,-8.197240517,10.65669771,-1.724894673,55,6.19055888,4.713331809,-133.7575778,-5.938410462,-14.33500087,32.74200073,-13.5430004,91.34,-1.012874424,2.473530318,-0.968,2.343,21
5/17/2016,160517_201553kca,d65026dc-2827-4269-b3bf-82742af357ad,6,1,519144,596144,32,Single,B,229,3.23,1.39,-10.183,7.155,FT,15,0.899,R,0,0,R,gid_2016_05_17_bosmlb_kcamlb_1/,Ball,234.726,-0.0195652,4,bos,0.076593393,-129.2771233,0.310979775,-8.831993542,6.721041322,-8.831993542,6.721041322,-1.715786569,55,6.132499872,3.328490223,-133.105915,-4.340639456,-15.22100055,33.48699966,-20.59600085,90.83,-1.67681052,2.42354411,-1.634,2.292,0
5/17/2016,160517_201612kca,805d5a70-99e5-4278-97c4-ebd67ebc87b6,6,2,519144,596144,32,Single,B,230,3.23,1.39,-9.16,10.171,FT,24,0.731,R,0,1,R,gid_2016_05_17_bosmlb_kcamlb_1/,Ball,221.863,-0.743478,4,bos,0.076100353,-130.0628719,0.309657849,-7.823884043,9.732246937,-7.823884043,9.732246937,-1.712974912,55,6.009097837,8.765672782,-134.0703944,-6.813962912,-13.59899986,35.28400055,-15.26299972,91.72,0.778981933,1.758188171,0.826,1.626,10
5/17/2016,160517_201635kca,90d17098-4520-4491-906a-e21c84c258c9,6,3,519144,596144,32,Single,S,231,3.23,1.39,-10.532,7.074,FT,22,0.893,R,0,2,R,gid_2016_05_17_bosmlb_kcamlb_1/,Foul,235.934,-0.463043,4,bos,0.077029486,-128.5118396,0.313198729,-9.161535221,6.633667706,-9.161535221,6.633667706,-1.750173505,55,5.955323328,6.967634393,-132.4181746,-4.724669456,-15.56599986,33.97600189,-20.90799922,90.47,-0.193695578,2.0158447,-0.15,1.884,20
5/17/2016,160517_201701kca,85cc72d5-72a3-4420-8c49-908f5daa3b3a,6,4,519144,596144,32,Single,S,232,3.23,1.39,-11.56,7.771,FT,14,0.902,R,1,2,R,gid_2016_05_17_bosmlb_kcamlb_1/,Foul,235.928,0.415217,4,bos,0.076279761,-129.9307423,0.308118503,-10.22984251,7.342997964,-10.22984251,7.342997964,-1.583534293,55,6.219433271,9.331977779,-133.41236,-3.978998616,-17.95899951,30.56200043,-19.28800029,91.23,0.755517434,2.822422765,0.803,2.692,21
5/17/2016,160517_201727kca,2255ed4c-0dc7-4454-8f2f-22c95c067286,6,5,519144,596144,32,Single,S,233,3.23,1.39,-10.388,7.18,FT,15,0.922,R,2,2,R,gid_2016_05_17_bosmlb_kcamlb_1/,Foul,235.174,-0.115217,4,bos,0.076220555,-130.1784121,0.306012641,-9.079135001,6.759766271,-9.079135001,6.759766271,-1.676530102,55,6.141443905,4.087753547,-133.2260823,-4.834970157,-16.15900027,26.75900093,-20.1480009,90.94,-1.384636198,2.334990068,-1.339,2.204,22
5/17/2016,160517_201751kca,aaf007b5-4824-455f-a2f9-0b061a3bcd60,6,6,519144,596144,32,Single,X,234,3.23,1.39,-9.899,7.735,FT,21,0.897,R,2,2,R,gid_2016_05_17_bosmlb_kcamlb_1/,"In play, no out",231.83,-0.506522,4,bos,0.075185786,-131.8977298,0.302748063,-8.619183656,7.32187903,-8.619183656,7.32187903,-1.738929689,55,6.220361475,6.21396343,-135.2025559,-6.311512644,-15.67300021,29.42399994,-18.86499995,92.38,-0.509794336,1.975684545,-0.461,1.844,22
5/17/2016,160517_201842kca,a862dfbe-29a2-446f-b434-2e7194f93233,6,1,519144,408299,33,Single,S,239,3.16,1.47,-12.192,7.304,FT,23,0.901,R,0,0,R,gid_2016_05_17_bosmlb_kcamlb_1/,Called Strike,238.911,-0.540828,4,bos,0.076392358,-129.7642886,0.308250171,-10.85943652,6.877795105,-10.85943652,6.877795105,-1.624988677,55,6.050688968,8.5272278,-133.1662517,-5.367539627,-19.04800021,29.81600014,-20.11499995,91.05,0.277597455,1.989712268,0.324,1.858,0
5/17/2016,160517_201905kca,f0f3e1d8-e994-4ad8-b9b7-023a23279e39,6,2,519144,408299,33,Single,B,240,3.16,1.47,-10.676,3.531,CH,23,0.892,R,1,0,R,gid_2016_05_17_bosmlb_kcamlb_1/,Ball In Dirt,251.449,-2.25089,4,bos,0.083376658,-119.0182926,0.334549017,-9.114117628,3.041396949,-9.114117628,3.041396949,-1.468190697,55,6.102081904,7.320386446,-121.7659392,-5.740371455,-13.57200038,22.05299965,-27.6499998,83.26,0.46233677,0.552026035,0.493,0.413,1
5/17/2016,160517_201933kca,d4eb2d14-4020-415c-aba8-48a8371c5abf,6,3,519144,408299,33,Single,B,241,3.16,1.47,-9.26,7.565,FT,14,0.905,R,1,1,R,gid_2016_05_17_bosmlb_kcamlb_1/,Ball,230.578,0.498225,4,bos,0.075581941,-131.2074741,0.304329842,-7.968736833,7.148523339,-7.968736833,7.148523339,-1.561373775,55,6.191565307,9.118278711,-134.4917888,-3.941016004,-14.34000003,29.0879995,-19.31500072,91.95,0.994906882,2.86598838,1.045,2.736,11
5/17/2016,160517_202003kca,92fe975e-d5d5-45b6-8584-c2ea2f8d3006,6,4,519144,408299,33,Single,S,242,3.16,1.47,-0.896,5.248,SL,24,0.905,R,1,2,R,gid_2016_05_17_bosmlb_kcamlb_1/,Swinging Strike,189.571,-1.17633,4,bos,0.079019523,-125.6160065,0.316594437,0.476302678,4.803921001,0.476302678,4.803921001,-1.863320781,55,6.125802051,6.646049822,-128.4107903,-5.484658022,0.792000058,23.66499916,-24.19100017,87.75,1.10047271,1.456175769,1.146,1.321,21
5/17/2016,160517_202039kca,86ed30c8-c60b-4504-926f-4a57dfc0e2c4,6,5,519144,408299,33,Single,S,243,3.16,1.47,-9.722,6.997,FT,21,0.914,R,2,2,R,gid_2016_05_17_bosmlb_kcamlb_1/,Foul,234.077,-0.701775,4,bos,0.076003822,-130.4826647,0.305984366,-8.415143427,6.57706915,-8.415143427,6.57706915,-1.697152712,55,6.022230284,5.53331151,-133.7383482,-5.642570063,-14.97999942,28.67399994,-20.47100085,91.34,-0.694037781,1.853599804,-0.647,1.722,22
5/17/2016,160517_202108kca,38e61532-8852-4ed5-8e8e-f24bfea17c17,6,6,519144,408299,33,Single,X,244,3.16,1.47,-8.742,9.912,FT,18,0.71,R,2,2,R,gid_2016_05_17_bosmlb_kcamlb_1/,"In play, run(s)",221.265,0.106509,4,bos,0.076254065,-130.0651007,0.306856584,-7.430994763,9.482385825,-7.430994763,9.482385825,-1.455364039,55,6.215274722,7.79741508,-133.278432,-5.505138321,-13.15299976,28.20700089,-15.39499969,91.1,0.661210015,2.536013726,0.709,2.405,22
5/17/2016,160517_202246kca,5fd51f39-9c83-436c-8307-67c49026b780,3,1,519144,449181,34,Single,S,256,3.52,1.62,-0.095,4.694,SL,24,0.904,R,0,0,R,gid_2016_05_17_bosmlb_kcamlb_1/,Swinging Strike,181.1,-1.67895,4,bos,0.080570251,-123.0365739,0.325092774,1.350024172,4.228258046,1.350024172,4.228258046,-1.689772617,55,6.242322878,5.383332224,-126.2588949,-5.837456134,2.128999996,26.77700058,-25.51099986,86.26,0.91932385,1.111370412,0.96,0.975,0
5/17/2016,160517_202309kca,bc1774f6-8d82-4b7b-b3b9-eb80fb8dd99a,3,2,519144,449181,34,Single,S,257,3.52,1.62,-10.496,5.995,FT,20,0.927,R,1,0,R,gid_2016_05_17_bosmlb_kcamlb_1/,Foul,240.077,-0.414737,4,bos,0.076267225,-129.9278468,0.308380803,-9.166565846,5.571263868,-9.166565846,5.571263868,-1.720965994,55,6.106317235,4.208424072,-133.4821538,-4.26466559,-16.06500041,31.20800034,-22.41499919,91.1,-1.376162791,2.307060517,-1.331,2.176,1
5/17/2016,160517_202341kca,659b2f21-2fcd-4c90-b891-bd27f68f78ad,3,3,519144,449181,34,Single,X,258,3.52,1.62,7.307,-10.088,CU,23,0.911,R,2,0,R,gid_2016_05_17_bosmlb_kcamlb_1/,"In play, run(s)",36.0555,-1.05789,4,bos,0.092001174,-107.6445323,0.373195547,9.18462389,-10.64868246,9.18462389,-10.64868246,-1.51311763,55,6.105537734,0.260593556,-110.7788126,2.85906823,10.9910003,22.81999985,-44.92200107,75.56,0.052334744,1.710719295,0.06,1.565,2
5/17/2016,160517_202505kca,a48128fa-f9f1-4af5-a0cd-bf6ccf176270,3,1,519144,444876,35,Lineout,S,267,3.4,1.55,-7.518,8.498,CH,22,0.94,R,0,0,R,gid_2016_05_17_bosmlb_kcamlb_1/,Foul (Runner Going),221.3,-0.52973,4,bos,0.084684046,-117.1349947,0.340508007,-5.909752292,7.975904259,-5.909752292,7.975904259,-1.443824955,55,6.172637218,5.288418803,-119.9766934,-3.836354894,-8.494999763,22.45999924,-20.71400089,81.92,0.099570109,2.121938522,0.127,1.985,0
5/17/2016,160517_202541kca,1d981cda-c08d-45d4-b4eb-c6ac1d7a3254,3,2,519144,444876,35,Lineout,B,268,3.4,1.55,-8.616,6.092,FT,10,0.872,R,1,0,R,gid_2016_05_17_bosmlb_kcamlb_1/,Ball,234.524,0.56973,4,bos,0.077104545,-128.4370832,0.312827605,-7.253269548,5.656176647,-7.253269548,5.656176647,-1.729160445,55,6.06643269,2.291444088,-132.1900312,-2.030197202,-12.35299957,32.60400024,-22.54599971,90.15,-1.879653936,3.133271994,-1.838,3.002,1
5/17/2016,160517_202603kca,19fbb487-128a-4407-9d5f-f237d84c1c6e,3,3,519144,444876,35,Lineout,X,269,3.4,1.55,-10.881,5.227,FT,21,0.837,R,1,1,R,gid_2016_05_17_bosmlb_kcamlb_1/,"In play, out(s)",244.136,-0.615135,4,bos,0.07843326,-126.3188637,0.31742468,-9.472097725,4.780785807,-9.472097725,4.780785807,-1.77995753,55,5.993087604,6.532083815,-129.8370336,-3.824126657,-15.66799915,30.03999916,-24.27100009,88.68,-0.420760338,2.039894341,-0.38,1.906,11
5/17/2016,160517_202652kca,247ed9ab-5518-4209-a649-54ec1fe0253f,1,1,519144,456715,36,Groundout,X,273,3.79,1.75,-9.13,8.594,FT,15,0.745,R,0,0,R,gid_2016_05_17_bosmlb_kcamlb_1/,"In play, out(s)",226.563,-0.434314,4,bos,0.077122487,-128.4097404,0.312866428,-7.766032217,8.151309261,-7.766032217,8.151309261,-1.488926734,55,6.120536906,3.69563764,-132.1542712,-4.638373559,-13.2230004,32.52299896,-18.29999942,90.2,-1.118311861,2.459198626,-1.076,2.327,0
5/17/2016,160517_203553kca,6f072eaa-21b2-437a-a4cf-64068eca4cb6,6,1,519144,543333,40,Walk,B,302,3.68,1.67,-1.286,5.194,SL,6,0.841,L,0,0,R,gid_2016_05_17_bosmlb_kcamlb_1/,Ball,193.746,1.05672,5,bos,0.08044136,-123.2783151,0.323938532,0.152367314,4.729683171,0.152367314,4.729683171,-2.10320959,55,6.019161722,3.348386297,-126.3731101,0.636925904,0.241999987,25.75399986,-24.667,86.19,-0.59231604,3.869515496,-0.554,3.737,0
5/17/2016,160517_203611kca,12820ec6-9804-4f3e-b65c-09e42a9c09e5,6,2,519144,543333,40,Walk,B,303,3.68,1.67,-8.041,5.232,CH,20,0.95,L,0,1,R,gid_2016_05_17_bosmlb_kcamlb_1/,Ball,236.664,-0.410945,5,bos,0.086078251,-115.144729,0.347627082,-6.363917918,4.698437883,-6.363917918,4.698437883,-1.713095923,55,6.04653094,2.801824201,-118.2172095,-1.538372756,-8.777000305,23.89999977,-25.69899959,80.63,-1.374003732,2.400403122,-1.354,2.262,10
5/17/2016,160517_203630kca,76bde648-0d79-4a97-9ac9-9486fe8760a3,6,3,519144,543333,40,Walk,S,304,3.68,1.67,-5.112,11.583,FF,17,0.942,L,0,2,R,gid_2016_05_17_bosmlb_kcamlb_1/,Called Strike,203.705,-0.375124,5,bos,0.075774418,-130.8133206,0.305873272,-3.819430388,11.1512325,-3.819430388,11.1512325,-1.728697668,55,6.199720551,5.226451672,-134.2703796,-6.420488416,-6.803999779,30.54699913,-12.31400031,91.72,-0.135972369,2.428116609,-0.088,2.298,20
5/17/2016,160517_203646kca,c7edb471-eac4-46c9-9791-1b216bf33d6c,6,4,519144,543333,40,Walk,S,305,3.68,1.67,-1.211,2.669,SL,23,0.855,L,1,2,R,gid_2016_05_17_bosmlb_kcamlb_1/,Foul,204.005,-0.661692,5,bos,0.079163332,-125.3152214,0.318153755,0.176125932,2.228904876,0.176125932,2.228904876,-1.84129506,55,5.903370222,5.242656224,-128.3210611,-2.391834117,0.289999965,25.41300026,-28.50899905,87.58,0.474378498,2.144423505,0.517,2.01,21
5/17/2016,160517_203709kca,940f12aa-92aa-4f9a-854e-c4f5eb0441d9,6,5,519144,543333,40,Walk,B,306,3.68,1.67,-8.555,6.866,FT,19,0.909,L,2,2,R,gid_2016_05_17_bosmlb_kcamlb_1/,Ball,231.06,-0.38806,5,bos,0.075773759,-130.9066191,0.304709925,-7.262210048,6.450531238,-7.262210048,6.450531238,-1.567096002,55,6.032234871,9.409008742,-134.0894959,-4.348829886,-13.03600013,28.11499992,-20.60000056,91.7,1.226687538,2.415849993,1.276,2.285,22
5/17/2016,160517_203727kca,a89bc8b8-8fb1-44dc-9e73-c289353321f4,6,6,519144,543333,40,Walk,B,307,3.68,1.67,-10.146,7.297,FT,24,0.92,L,2,3,R,gid_2016_05_17_bosmlb_kcamlb_1/,Ball,234.105,-1.45373,5,bos,0.07585297,-130.7869954,0.304814691,-8.848752133,6.879761902,-8.848752133,6.879761902,-1.749530448,55,6.023860406,9.862947701,-133.9157128,-7.041437711,-15.87299907,27.60599915,-19.83799953,91.68,0.986957996,1.345203083,1.036,1.214,32
5/17/2016,160517_203805kca,4d110948-7be0-4bc4-8ded-91502f6292f1,6,1,519144,434778,41,Flyout,S,311,3.5,1.65,-9.347,5.391,CH,22,0.919,L,0,0,R,gid_2016_05_17_bosmlb_kcamlb_1/,Called Strike,239.783,-0.766486,5,bos,0.082916341,-119.6369744,0.33332894,-7.799794181,4.899204114,-7.799794181,4.899204114,-1.559064242,55,6.138929241,5.611321599,-122.5250817,-3.370773236,-11.69999969,23.31299988,-24.83000011,83.66,-0.216401633,2.00253502,-0.185,1.866,0
5/17/2016,160517_203828kca,20525cf5-191f-4609-a9a5-7a56fa9cf998,6,2,519144,434778,41,Flyout,S,312,3.5,1.65,-11.202,7.543,FT,20,0.91,L,1,0,R,gid_2016_05_17_bosmlb_kcamlb_1/,Called Strike,235.875,-0.861622,5,bos,0.077569993,-127.8816664,0.311849818,-9.841341767,7.105885808,-9.841341767,7.105885808,-1.651806295,55,6.22099534,5.484400339,-130.9719077,-5.800448962,-16.8659991,26.66399971,-20.00099963,89.46,-0.848827821,1.910166475,-0.806,1.778,1
5/17/2016,160517_203913kca,8fc30604-dd5f-45a0-a20c-c16fca8837a9,6,3,519144,434778,41,Flyout,B,314,3.5,1.65,6.688,-9.221,CU,24,0.911,L,2,0,R,gid_2016_05_17_bosmlb_kcamlb_1/,Ball In Dirt,36.1062,-3.27135,5,bos,0.091081109,-108.6245006,0.371487754,8.550123523,-9.778902143,8.550123523,-9.778902143,-1.651020431,55,6.078635025,1.665094966,-112.1095096,-1.415013958,10.32600034,25.64200035,-43.9889986,76.45,0.523050265,-0.301802824,0.533,-0.451,2
5/17/2016,160517_203948kca,9fd648f4-a187-4174-8783-16d4fba38378,6,4,519144,434778,41,Flyout,S,315,3.5,1.65,-6.328,9.379,FF,6,0.84,L,2,1,R,gid_2016_05_17_bosmlb_kcamlb_1/,Foul,213.865,1.11676,5,bos,0.074966563,-132.2376053,0.302431037,-5.060915479,8.962243756,-5.060915479,8.962243756,-1.617600379,55,5.997245151,4.07825693,-135.6884456,-2.17255069,-9.222,30.8190004,-15.84799976,92.57,-0.719405688,3.736176766,-0.67,3.608,12
5/17/2016,160517_204019kca,74a9737c-80df-4332-ae2d-a5f547321ea1,6,5,519144,434778,41,Flyout,B,316,3.5,1.65,6.777,-5.881,CU,24,0.903,L,2,1,R,gid_2016_05_17_bosmlb_kcamlb_1/,Ball In Dirt,49.3142,-3.14595,5,bos,0.09047672,-109.5293396,0.365711432,8.581604959,-6.433394318,8.581604959,-6.433394318,-1.667690122,55,6.217671485,3.6076468,-112.5050943,-2.72475259,10.69400037,22.02400032,-40.19599933,76.77,1.480250572,-0.187986043,1.495,-0.335,12
5/17/2016,160517_204047kca,2b5ce640-3a4d-4d4f-9f39-369c7349f1d2,6,6,519144,434778,41,Flyout,X,317,3.5,1.65,-8.641,7.141,CH,21,0.924,L,2,2,R,gid_2016_05_17_bosmlb_kcamlb_1/,"In play, out(s)",230.216,-0.774054,5,bos,0.082487144,-120.3080229,0.330887606,-7.11838152,6.651312011,-7.11838152,6.651312011,-1.559165293,55,6.199636353,5.104887689,-123.0666095,-4.249646543,-10.83600032,22.37899986,-22.05399913,84.03,-0.358254866,1.995296177,-0.326,1.859,22
5/17/2016,160517_204135kca,62be6238-c658-488e-b3f6-86374329ddb0,6,1,519144,460086,42,Flyout,B,321,3.31,1.53,-8.143,6.242,FT,5,0.853,L,0,0,R,gid_2016_05_17_bosmlb_kcamlb_1/,Ball,232.316,1.1382,5,bos,0.077326948,-128.2060459,0.311888014,-6.790123427,5.808433359,-6.790123427,5.808433359,-1.551849888,55,6.253113651,2.340091794,-131.5368016,-1.543553139,-11.6339997,28.8379995,-22.22699947,89.7,-1.614248501,3.563463546,-1.571,3.433,0
5/17/2016,160517_204156kca,7b70642a-324e-4163-83cf-2519cf1c85e4,6,2,519144,460086,42,Flyout,S,322,3.31,1.53,-6.105,8.445,FF,21,0.775,L,0,1,R,gid_2016_05_17_bosmlb_kcamlb_1/,Foul,215.697,-0.844944,5,bos,0.076996289,-128.7887781,0.310135573,-4.773230703,8.010209649,-4.773230703,8.010209649,-1.446300579,55,6.303063152,4.399483878,-132.0381739,-6.7022263,-8.270999786,28.2509996,-18.29899997,90.19,-0.323360647,1.799793501,-0.279,1.668,10
5/17/2016,160517_204224kca,80b10a77-16e2-4b2a-aee2-d87b5b2159e7,6,3,519144,460086,42,Flyout,S,323,3.31,1.53,1.388,3.26,SL,7,0.918,L,1,1,R,gid_2016_05_17_bosmlb_kcamlb_1/,Foul,157.254,1.0427,5,bos,0.080901695,-122.7856118,0.322850058,2.809265172,2.804887162,2.809265172,2.804887162,-1.866817367,55,6.072948711,3.226081762,-125.2411134,0.306228158,4.491999987,20.30100075,-27.69400043,85.42,0.00729628,3.481546461,0.047,3.348,11
5/17/2016,160517_204253kca,9ffba01d-1c2d-4337-a1a8-c9f303a366ec,6,4,519144,460086,42,Flyout,S,324,3.31,1.53,-7.393,7.588,FT,7,0.702,L,2,1,R,gid_2016_05_17_bosmlb_kcamlb_1/,Foul,224.077,0.891011,5,bos,0.0753197,-131.6237731,0.303778625,-6.111616064,7.172483344,-6.111616064,7.172483344,-1.453143514,55,6.063588301,6.018409208,-135.0400965,-2.536185971,-11.03799998,30.36700073,-19.22500056,92.18,0.095813515,3.34211463,0.144,3.213,12
5/17/2016,160517_204325kca,4dec555f-ead8-4da9-9e41-5e58ccdc92d0,6,5,519144,460086,42,Flyout,B,325,3.31,1.53,1.853,2.634,SL,24,0.92,L,2,1,R,gid_2016_05_17_bosmlb_kcamlb_1/,Ball In Dirt,145.386,-2.30899,5,bos,0.080967624,-122.5453131,0.325083239,3.291481705,2.174241944,3.291481705,2.174241944,-1.718163373,55,5.98422955,6.247263595,-125.4168,-5.877465348,5.191000107,23.7339994,-28.75000018,85.71,1.584972619,0.502217726,1.626,0.365,12
5/17/2016,160517_204400kca,e70d7f82-2667-446e-8586-33eea47a67db,6,6,519144,460086,42,Flyout,X,327,3.31,1.53,-8.18,4.308,CH,15,0.929,L,2,2,R,gid_2016_05_17_bosmlb_kcamlb_1/,"In play, out(s)",241.936,0.123596,5,bos,0.083085706,-119.3152938,0.335185999,-6.619641304,3.814719707,-6.619641304,3.814719707,-1.488848999,55,6.228603414,3.830741157,-122.4290379,-1.665352674,-9.819999573,25.09099976,-26.52000064,83.52,-0.765173024,2.66668629,-0.736,2.53,22
5/17/2016,160517_204445kca,0cf0b795-f0da-4506-9ce3-55ff33b81282,4,1,519144,521692,43,Strikeout,S,331,3.56,1.57,-11.535,5.9,FT,20,0.92,R,0,0,R,gid_2016_05_17_bosmlb_kcamlb_1/,Called Strike,242.736,-0.607035,5,bos,0.075431421,-131.4045049,0.304534506,-10.2352975,5.486573022,-10.2352975,5.486573022,-1.646227405,55,6.150246357,5.962746253,-134.8881162,-5.071139665,-18.39400089,30.92199913,-22.31900043,92.12,-0.759343844,2.092337469,-0.712,1.961,0
5/17/2016,160517_204505kca,401b3c7f-d9b4-4172-9d36-a5ebca43a720,4,2,519144,521692,43,Strikeout,B,332,3.56,1.57,-9.286,7.515,CH,21,0.946,R,1,0,R,gid_2016_05_17_bosmlb_kcamlb_1/,Ball In Dirt,230.808,-1.87739,5,bos,0.083985701,-118.1307757,0.337365846,-7.701681569,7.005129764,-7.701681569,7.005129764,-1.418967739,55,6.296966265,4.305090797,-120.9312208,-6.724174249,-11.27799976,22.31600014,-21.92099971,82.63,-0.634403111,0.836557442,-0.607,0.697,1
5/17/2016,160517_204530kca,c0d06099-bf89-4e57-ac53-410f18da7cae,4,3,519144,521692,43,Strikeout,S,333,3.56,1.57,-8.153,5.095,CH,21,0.934,R,1,1,R,gid_2016_05_17_bosmlb_kcamlb_1/,Foul,237.731,-0.721608,5,bos,0.083491159,-118.7573233,0.336492682,-6.580998671,4.594538009,-6.580998671,4.594538009,-1.495032426,55,6.069070566,4.324330284,-121.7921255,-2.995267994,-9.687000153,24.33399979,-25.41600055,83.12,-0.530890708,1.984531113,-0.503,1.847,11
5/17/2016,160517_204600kca,d1139f0d-308d-48b4-a52a-eaeab3803e52,4,4,519144,521692,43,Strikeout,S,334,3.56,1.57,-5.784,9.998,FF,1,0.904,R,2,1,R,gid_2016_05_17_bosmlb_kcamlb_1/,Foul Tip,209.916,1.24623,5,bos,0.075687771,-131.0374744,0.304587369,-4.499884427,9.573665147,-4.499884427,9.573665147,-1.494330895,55,6.127986333,3.958224564,-134.2771375,-2.126964766,-8.084000465,28.65099922,-14.97999973,91.6,-0.546226035,3.933100781,-0.498,3.805,12
5/17/2016,160517_210448kca,972c0add-11dc-4fcc-b093-228f8c04878d,7,1,519144,596144,51,Double,S,395,3.23,1.39,7.982,-8.766,CU,18,0.912,R,0,0,R,gid_2016_05_17_bosmlb_kcamlb_1/,Called Strike,42.5191,0.669565,6,bos,0.09628244,-102.8211997,0.391333103,10.04578228,-9.388804649,10.04578228,-9.388804649,-1.694604037,55,6.265791994,0.512422148,-105.9255829,5.373989201,10.93299973,21.60099998,-42.39699954,72.32,0.144472952,3.072567763,0.138,2.926,0
5/17/2016,160517_210500kca,a9dfb2df-6c53-43d0-97b6-be38e7ec7cbd,7,2,519144,596144,51,Double,B,396,3.23,1.39,8.659,-7.873,CU,24,0.911,R,1,0,R,gid_2016_05_17_bosmlb_kcamlb_1/,Ball,47.9263,-0.827174,6,bos,0.091625823,-108.0690735,0.371983681,10.52068919,-8.437638558,10.52068919,-8.437638558,-1.76735397,55,6.305004914,2.135836093,-111.2650198,1.708818241,12.67200005,23.36599937,-42.34199924,75.89,0.959246135,1.694591113,0.97,1.549,1
5/17/2016,160517_210513kca,6f8e0ccd-11cd-406c-87c9-92cc80feebdb,7,3,519144,596144,51,Double,B,397,3.23,1.39,-8.928,6.55,FT,5,0.718,R,1,1,R,gid_2016_05_17_bosmlb_kcamlb_1/,Ball,233.525,1.45,6,bos,0.07932943,-124.9612423,0.320083317,-7.502042817,6.093104179,-7.502042817,6.093104179,-1.617457918,55,6.182764029,3.391866131,-128.23335,-0.605101915,-12.20400035,27.61599937,-22.26700038,87.46,-1.303561065,3.775963925,-1.265,3.644,11
5/17/2016,160517_210528kca,a8f4d991-b996-4385-bb04-9bef10be929d,7,4,519144,596144,51,Double,B,398,3.23,1.39,-8.756,9.754,FT,14,0.766,R,1,2,R,gid_2016_05_17_bosmlb_kcamlb_1/,Ball,221.76,0.820652,6,bos,0.07749729,-127.9165468,0.312676932,-7.394694392,9.308774356,-7.394694392,9.308774356,-1.597812959,55,6.192897311,8.889213061,-131.2628772,-3.502099647,-12.60599982,28.91,-16.30999965,89.73,1.053641951,3.195686413,1.099,3.065,21
5/17/2016,160517_210543kca,c6a54cda-4966-4858-845d-a5ba379d4ee2,7,5,519144,596144,51,Double,S,399,3.23,1.39,-8.76,6.898,FT,12,0.878,R,1,3,R,gid_2016_05_17_bosmlb_kcamlb_1/,Foul,231.59,0.48587,6,bos,0.077556086,-127.8808872,0.31210482,-7.404479307,6.461751579,-7.404479307,6.461751579,-1.660414731,55,6.022908942,6.492329489,-131.0422501,-2.803811551,-12.66899955,27.285,-21.12299937,89.48,-0.042112538,2.888576279,0.003,2.757,31
5/17/2016,160517_210600kca,b2809c9d-0421-4d36-a323-c0a0365c97b4,7,6,519144,596144,51,Double,S,400,3.23,1.39,-10.021,5.241,FT,24,0.896,R,2,3,R,gid_2016_05_17_bosmlb_kcamlb_1/,Foul,242.182,-0.390217,6,bos,0.077809117,-127.5092918,0.312539751,-8.657670468,4.808253946,-8.657670468,4.808253946,-1.627927745,55,6.05519292,8.682025847,-130.5286155,-4.121092409,-14.77199924,25.96999947,-23.97500056,89.24,0.736862852,2.083948694,0.781,1.951,32
5/17/2016,160517_210624kca,9ad325f3-e83d-4e19-b5c6-1c626604b412,7,7,519144,596144,51,Double,X,401,3.23,1.39,-9.31,6.172,FT,17,0.897,R,2,3,R,gid_2016_05_17_bosmlb_kcamlb_1/,"In play, no out",236.254,-0.0423913,6,bos,0.077576763,-127.7961626,0.312856257,-7.945820017,5.735906849,-7.945820017,5.735906849,-1.68540268,55,6.134741326,6.693151803,-131.1073575,-3.898698656,-13.52999961,28.57600037,-22.41200084,89.55,-0.059321267,2.403528039,-0.016,2.271,32
5/22/2016,160522_133441bos,fd7f077c-c352-404a-a7d8-0722c09dbd65,5,1,519144,467793,1,Flyout,B,3,3.41,1.57,-9.113,7.818,FT,5,0.836,L,0,0,R,gid_2016_05_22_clemlb_bosmlb_1/,Ball,229.197,0.46413,1,bos,0.077616052,-127.6826554,0.313664549,-10.38950332,8.311603089,-10.38950332,8.311603089,-1.87920115,55,6.383147961,5.120985164,-131.1373726,-3.939906061,-17.59999983,29.80499985,-18.0989994,89.52,-1.303252757,3.020746845,-1.208,2.917,0
5/22/2016,160522_133458bos,6e0d7bb4-c250-4345-bf57-2e182bd02b77,5,2,519144,467793,1,Flyout,S,4,3.41,1.57,-8.226,9.509,FT,17,0.557,L,0,1,R,gid_2016_05_22_clemlb_bosmlb_1/,Called Strike,220.712,-0.918478,1,bos,0.076819447,-129.1027408,0.309197455,-9.46470381,9.99357954,-9.46470381,9.99357954,-1.653004391,55,6.488405342,7.719053893,-132.3075875,-8.059079875,-16.5000004,27.92600014,-14.75700035,90.53,0.136691169,1.745496736,0.227,1.645,10
5/22/2016,160522_133518bos,936d9f90-cee2-4809-9ab4-fce32cd4ca13,5,3,519144,467793,1,Flyout,B,5,3.41,1.57,-8.471,7.77,CH,22,0.94,L,1,1,R,gid_2016_05_22_clemlb_bosmlb_1/,Ball,227.261,-1.68696,1,bos,0.084618348,-117.1743599,0.341051523,-9.977133263,8.353127723,-9.977133263,8.353127723,-1.593591146,55,6.347617633,7.158277364,-120.1717547,-6.605639614,-14.29599993,23.71400024,-20.20999947,82.2,0.190637862,1.051834666,0.308,0.938,11
5/22/2016,160522_133534bos,6a2b90bc-1aea-4f70-8265-43403c12c52d,5,4,519144,467793,1,Flyout,S,6,3.41,1.57,-9.268,2.711,CH,11,0.913,L,1,2,R,gid_2016_05_22_clemlb_bosmlb_1/,Foul Bunt,253.389,-0.303261,1,bos,0.085473447,-115.982795,0.344808537,-10.81022029,3.292145461,-10.81022029,3.292145461,-1.79313315,55,6.268745023,6.793366816,-119.0076835,-1.830039046,-15.15399973,23.69399979,-27.56399956,81.28,-0.274868976,2.327576745,-0.154,2.211,21
5/22/2016,160522_133600bos,a58a03b5-d705-4bda-8c8b-db17cd69f8da,5,5,519144,467793,1,Flyout,X,7,3.41,1.57,-8.574,7.139,FT,8,0.9,L,2,2,R,gid_2016_05_22_clemlb_bosmlb_1/,"In play, out(s)",230.037,0.736957,1,bos,0.076224557,-130.1666297,0.306090975,-9.788719631,7.607577287,-9.788719631,7.607577287,-1.649932829,55,6.289630125,8.846992632,-133.2288687,-3.275556506,-17.41299956,26.88599922,-18.64600029,91.07,0.529955131,3.269481274,0.617,3.168,22
5/22/2016,160522_133639bos,9b7297df-2214-4278-a175-5ddedc9b28fd,8,1,519144,543401,2,Single,S,11,3.26,1.48,-9.841,7.243,FT,12,0.911,L,0,0,R,gid_2016_05_22_clemlb_bosmlb_1/,Called Strike,233.473,0.0910112,1,bos,0.07532539,-131.6377253,0.30350359,-11.03825603,7.705003901,-11.03825603,7.705003901,-1.736517724,55,6.360148642,8.047840828,-134.9827053,-5.364653651,-19.97199957,29.72800018,-18.23799934,92.27,-0.116758432,2.550091149,-0.03,2.451,0
5/22/2016,160522_133653bos,9a58945e-bdad-4a97-9072-ba4c07c3f171,8,2,519144,543401,2,Single,S,12,3.26,1.48,8.645,-8.022,CU,7,0.909,L,1,0,R,gid_2016_05_22_clemlb_bosmlb_1/,Foul,47.3359,0.38427,1,bos,0.091762956,-107.982874,0.371120013,6.917630104,-7.383709316,6.917630104,-7.383709316,-1.695753776,55,6.510409705,1.24108488,-110.950219,3.219033891,8.370999886,21.65500023,-41.1140007,75.68,0.015639991,2.838097829,0.158,2.712,1
5/22/2016,160522_133710bos,b9045f21-1844-4949-9d25-5c5c35e6f46b,8,3,519144,543401,2,Single,S,13,3.26,1.48,-3.56,10.876,FF,2,0.943,L,2,0,R,gid_2016_05_22_clemlb_bosmlb_1/,Foul,198.027,1.63708,1,bos,0.073550626,-134.7325513,0.297326643,-4.694736885,11.32762362,-4.694736885,11.32762362,-1.851558791,55,6.229539141,6.101165458,-138.4008682,-3.456278697,-8.851000237,33.39799835,-10.82300034,94.49,-0.101063417,3.925163014,-0.021,3.827,2
5/22/2016,160522_133731bos,19970ba6-4031-4278-a569-d0fd36460bd6,8,4,519144,543401,2,Single,B,14,3.26,1.48,-4.982,11.475,FF,1,0.933,L,2,0,R,gid_2016_05_22_clemlb_bosmlb_1/,Ball,203.363,2.81573,1,bos,0.073436687,-134.9544342,0.29671241,-6.115313264,11.92636614,-6.115313264,11.92636614,-1.67277898,55,6.417173731,4.950488235,-138.5902569,-1.597111468,-11.57700007,33.15199997,-9.601000214,94.56,-0.616939442,4.975356687,-0.536,4.876,2
5/22/2016,160522_133752bos,68cdc766-b180-4516-90d9-d9ff4990adfb,8,5,519144,543401,2,Single,B,15,3.26,1.48,-9.005,6.007,FT,2,0.913,L,2,1,R,gid_2016_05_22_clemlb_bosmlb_1/,Ball,236.102,1.5236,1,bos,0.074298536,-133.4763023,0.299133243,-10.16643903,6.452810871,-10.16643903,6.452810871,-1.638280179,55,6.166412195,8.44885241,-136.810209,-1.576232914,-18.93600027,30.0370002,-20.16000023,93.46,0.23426322,3.824489165,0.317,3.726,12
5/22/2016,160522_133813bos,afb1dddf-7af7-44e7-9e12-958c84192997,8,6,519144,543401,2,Single,S,16,3.26,1.48,-8.061,7.617,FT,1,0.828,L,2,2,R,gid_2016_05_22_clemlb_bosmlb_1/,Foul,226.44,1.35169,1,bos,0.076794825,-129.1172132,0.309446044,-9.301246049,8.098157164,-9.301246049,8.098157164,-1.752424225,55,6.193716977,6.963870273,-132.4031901,-2.102273315,-16.18899958,28.645,-18.08400002,90.41,-0.254924557,3.675283667,-0.164,3.573,22
5/22/2016,160522_133838bos,a100e225-1790-45b2-a7d4-364e4c24fd5b,8,7,519144,543401,2,Single,B,17,3.26,1.48,0.575,5.186,SL,23,0.93,L,2,2,R,gid_2016_05_22_clemlb_bosmlb_1/,Ball,173.775,-2.04719,1,bos,0.079459692,-124.8309413,0.319576956,-0.725527477,5.692081826,-0.725527477,5.692081826,-1.93900361,55,6.261135926,6.366478106,-127.8758535,-7.78245389,-1.184000002,25.64899971,-22.88999977,87.46,0.737630696,0.651623419,0.833,0.548,22
5/22/2016,160522_133900bos,5227bfc5-5912-4387-b2a4-bcf7244c3407,8,8,519144,543401,2,Single,X,18,3.26,1.48,-7.355,3.964,CH,5,0.941,L,2,3,R,gid_2016_05_22_clemlb_bosmlb_1/,"In play, no out",241.35,0.58764,1,bos,0.084534569,-117.3305998,0.340086362,-8.849281215,4.533590844,-8.849281215,4.533590844,-1.793260913,55,6.211444772,3.888507959,-120.2116036,-0.888054462,-12.75200026,22.81199982,-25.64600029,82.01,-1.36657744,3.008182087,-1.249,2.893,32
5/22/2016,160522_133954bos,9472c990-cb3a-44e1-ba56-896c00830934,2,1,519144,596019,3,Single,B,22,3.27,1.54,7.879,-7.401,CU,23,0.911,L,0,0,R,gid_2016_05_22_clemlb_bosmlb_1/,Ball In Dirt,47.0133,-2.31676,1,bos,0.092427412,-107.0840211,0.376163588,6.101721705,-6.742713058,6.101721705,-6.742713058,-1.791261531,55,6.351843928,2.961866662,-110.3942822,-1.01679696,7.18699987,23.99699928,-40.12100067,75.3,0.681225053,0.52703438,0.827,0.401,0
5/22/2016,160522_134021bos,2d6d81c5-d20e-4ffb-be5f-d07ac38d1c92,2,2,519144,596019,3,Single,X,23,3.27,1.54,-3.715,3.852,CH,12,0.809,L,0,1,R,gid_2016_05_22_clemlb_bosmlb_1/,"In play, no out",223.558,-0.332948,1,bos,0.085255113,-116.3790363,0.34235188,-5.219364482,4.42823187,-5.219364482,4.42823187,-1.59175654,55,6.339202285,5.110732431,-119.116414,-2.663439016,-7.421999859,21.48800041,-25.88200035,81.31,-0.00989455,2.232576099,0.108,2.117,10
5/22/2016,160522_134118bos,212a2802-8b79-4dc0-a3f4-119a7eb5a26d,6,1,519144,435063,4,Strikeout,S,29,3.24,1.44,-8.925,6.621,FT,11,0.9,R,0,0,R,gid_2016_05_22_clemlb_bosmlb_1/,Foul,233.24,0.287778,1,bos,0.07571347,-130.9347941,0.305422723,-10.13501582,7.086898775,-10.13501582,7.086898775,-1.591915947,55,6.324787761,5.981768697,-134.3465307,-4.579570951,-18.10800021,30.16900017,-19.51700058,91.74,-0.674295635,2.699016298,-0.586,2.599,0
5/22/2016,160522_134149bos,d8006bc6-7f79-44eb-a374-beabea63af80,6,2,519144,435063,4,Strikeout,B,30,3.24,1.44,-8.703,3.682,FT,21,0.952,R,1,0,R,gid_2016_05_22_clemlb_bosmlb_1/,Ball,246.826,-1.04889,1,bos,0.075345502,-131.4448553,0.305572932,-9.91416432,4.141360372,-9.91416432,4.141360372,-1.681468778,55,6.127231983,6.507215991,-135.2579758,-5.900429473,-17.69599955,33.89900162,-24.78699913,92.42,-0.5074593,1.494517455,-0.42,1.396,1
5/22/2016,160522_134216bos,2a1d0016-d57b-47bf-9712-b05cd1cc66ad,6,3,519144,435063,4,Strikeout,S,31,3.24,1.44,-3.312,8.941,FF,6,0.938,R,1,1,R,gid_2016_05_22_clemlb_bosmlb_1/,Swinging Strike,200.208,0.95,1,bos,0.073549392,-134.7311024,0.297366231,-4.446623784,9.388790593,-4.446623784,9.388790593,-1.546923348,55,6.203943345,4.091094052,-138.4105124,-4.200502603,-8.380999969,33.49999954,-14.48300018,94.46,-0.575866605,3.292805603,-0.495,3.195,11
5/22/2016,160522_134306bos,faf2a9b1-a3cf-472b-b63c-8038d70094f3,6,4,519144,435063,4,Strikeout,S,32,3.24,1.44,-5.001,9.718,FF,2,0.904,R,2,1,R,gid_2016_05_22_clemlb_bosmlb_1/,Foul,207.106,1.13111,1,bos,0.073007876,-135.515052,0.297769014,-6.142984727,10.16861582,-6.142984727,10.16861582,-1.435060956,55,6.294759758,5.941927329,-139.8617152,-4.322525274,-11.54700034,39.89900162,-13.06499996,95.49,0.026565658,3.456204484,0.107,3.358,12
5/22/2016,160522_134340bos,ef7ac46b-59a9-4d5d-9d38-9f49635e7d9f,6,5,519144,435063,4,Strikeout,B,33,3.24,1.44,-8.969,7.765,FT,19,0.868,R,2,1,R,gid_2016_05_22_clemlb_bosmlb_1/,Ball,228.948,-0.612222,1,bos,0.073992346,-133.9402276,0.298966488,-10.12882949,8.2148251,-10.12882949,8.2148251,-1.338746139,55,6.41733742,10.19853607,-137.5509524,-7.617430514,-18.88700049,32.67599823,-16.86100044,94.19,1.253884291,1.884800561,1.335,1.789,12
5/22/2016,160522_134407bos,699dc235-23e6-475a-886b-98d6c08ec652,6,6,519144,435063,4,Strikeout,S,34,3.24,1.44,2.998,2.722,SL,24,0.942,R,2,2,R,gid_2016_05_22_clemlb_bosmlb_1/,Swinging Strike,132.722,-1.04444,1,bos,0.078978784,-125.6075656,0.317418541,1.722297969,3.215480629,1.722297969,3.215480629,-1.728101663,55,6.125515772,5.763818201,-128.6218509,-4.767792252,2.84900005,25.54400017,-26.85999908,87.84,1.05164734,1.503332889,1.146,1.4,22
5/22/2016,160522_134451bos,014b6f53-2513-4547-a00e-fdc47964aaf5,2,1,519144,608070,5,Pop Out,B,38,3.39,1.55,-9.734,6.611,FT,8,0.915,L,0,0,R,gid_2016_05_22_clemlb_bosmlb_1/,Ball,235.642,0.322826,1,bos,0.074487045,-133.1510614,0.299739923,-10.90203314,7.059583524,-10.90203314,7.059583524,-1.535330157,55,6.254041494,9.649100988,-136.4391628,-4.32488022,-20.22400038,29.54799988,-19.08300056,93.31,0.722344214,2.864546168,0.805,2.767,0
5/22/2016,160522_134517bos,d191ad18-b0ba-4120-ab25-b27e29097991,2,2,519144,608070,5,Pop Out,X,39,3.39,1.55,-4.406,11.23,FF,8,0.934,L,0,1,R,gid_2016_05_22_clemlb_bosmlb_1/,"In play, out(s)",201.319,0.498913,1,bos,0.073967126,-133.93339,0.299503876,-5.559765589,11.68950074,-5.559765589,11.68950074,-1.698393155,55,6.24392062,7.49178923,-137.7014631,-5.701468755,-10.33000033,34.11799957,-10.46000042,94.11,0.5048201,3.027719185,0.586,2.929,10
5/22/2016,160522_141211bos,9399861f-37a2-4f00-9d84-bae0cdaf0bed,5,1,519144,543228,14,Flyout,B,123,3.24,1.42,-7.867,7.011,CH,23,0.505,R,0,0,R,gid_2016_05_22_clemlb_bosmlb_1/,Ball,228.087,-1.52747,2,bos,0.079762339,-124.252908,0.322253498,-9.211049583,7.529968814,-9.211049583,7.529968814,-1.572545972,55,6.519120749,7.825804495,-127.596807,-7.967173773,-14.7830004,28.07200005,-20.09400024,87.33,0.441608894,1.045430931,0.542,0.94,0
5/22/2016,160522_141223bos,cf24aad1-f78b-4215-b2ef-c89c812c3a09,5,2,519144,543228,14,Flyout,S,124,3.24,1.42,-5.748,6.919,SL,7,0.335,R,0,1,R,gid_2016_05_22_clemlb_bosmlb_1/,Called Strike,219.507,0.57033,2,bos,0.079637552,-124.5188015,0.320754401,-7.073644346,7.432912569,-7.073644346,7.432912569,-1.724736673,55,6.432394228,6.524653494,-127.6561471,-3.479023388,-11.45900004,26.37199928,-20.13800087,87.18,0.036458943,2.955762246,0.135,2.849,10
5/22/2016,160522_141239bos,8a30082f-4e60-467c-ba67-9f6a513f0a70,5,3,519144,543228,14,Flyout,S,125,3.24,1.42,5.951,2.932,SL,24,0.899,R,1,1,R,gid_2016_05_22_clemlb_bosmlb_1/,Swinging Strike,116.625,-0.918681,2,bos,0.083468787,-118.9155283,0.334489115,4.542001203,3.4800083,4.542001203,3.4800083,-1.812370177,55,6.311030593,5.247724767,-121.5749681,-4.046747197,6.766000343,21.31899979,-26.99499931,83.02,1.311000712,1.606106053,1.418,1.494,11
5/22/2016,160522_141300bos,f68fc3b6-4846-497d-94a0-c7ed470aa0d5,5,4,519144,543228,14,Flyout,B,126,3.24,1.42,5.986,1.5,SL,9,0.824,R,2,1,R,gid_2016_05_22_clemlb_bosmlb_1/,Ball,104.536,0.707692,2,bos,0.084788802,-117.0212034,0.340446335,4.525807923,2.063317598,4.525807923,2.063317598,-1.822821498,55,6.336007084,5.610272293,-119.7673247,-0.127826586,6.507999969,21.67500069,-29.21200027,81.75,1.508036336,3.08899503,1.62,2.974,12
5/22/2016,160522_141318bos,e94b6b1c-2fb8-42be-ab1c-edaf3fbd4cb4,5,5,519144,543228,14,Flyout,X,127,3.24,1.42,-5.41,9.735,FF,12,0.895,R,2,2,R,gid_2016_05_22_clemlb_bosmlb_1/,"In play, out(s)",208.929,0.364835,2,bos,0.074756384,-132.5936787,0.301776932,-6.583218639,10.19775983,-6.583218639,10.19775983,-1.746237184,55,6.12974451,6.679505348,-136.1009685,-5.354333598,-12.04799979,31.41299965,-13.51600018,92.98,-0.01438592,2.761048816,0.07,2.662,22
5/22/2016,160522_141352bos,bf9b0833-eb5c-4521-8ffd-4155b3a325d7,2,1,519144,502082,15,Flyout,B,131,3.52,1.62,-5.26,3.861,FT,5,0.645,L,0,0,R,gid_2016_05_22_clemlb_bosmlb_1/,Ball,233.392,0.575789,2,bos,0.078517758,-126.310452,0.31603102,-6.546246819,4.3523787,-6.546246819,4.3523787,-1.694127315,55,6.372325318,3.154649771,-129.445511,-1.871718683,-10.92400019,26.72700073,-24.91600075,88.29,-1.352745459,3.22198537,-1.255,3.117,0
5/22/2016,160522_141405bos,269193bf-6aec-4d1d-b778-d1554fff84d0,2,2,519144,502082,15,Flyout,X,132,3.52,1.62,-6.516,4.873,FT,11,0.867,L,0,1,R,gid_2016_05_22_clemlb_bosmlb_1/,"In play, out(s)",232.955,0.109474,2,bos,0.077214552,-128.4915396,0.310146297,-7.757974285,5.348397211,-7.757974285,5.348397211,-1.787110103,55,6.306250583,6.31293593,-131.5329075,-3.421695868,-13.44199984,26.3609996,-22.91199913,89.82,-0.317784322,2.775979638,-0.227,2.674,10
5/22/2016,160522_141445bos,d8adfd05-e440-479c-8cc3-42a64646427e,7,1,519144,346874,16,Double,S,136,3.58,1.71,-8.659,6.178,FT,5,0.911,R,0,0,R,gid_2016_05_22_clemlb_bosmlb_1/,Called Strike,234.294,0.414973,2,bos,0.076789015,-129.1929194,0.308573685,-9.893882866,6.651719584,-9.893882866,6.651719584,-1.571537332,55,6.404913229,5.429119977,-132.2829182,-3.376774949,-17.31800024,26.93200066,-20.53599968,90.3,-0.824943654,3.135622828,-0.734,3.033,0
5/22/2016,160522_141501bos,6a35fa87-cfc9-4a36-9308-01be77f967f1,7,2,519144,346874,16,Double,S,137,3.58,1.71,-3.138,11.788,FF,2,0.959,R,1,0,R,gid_2016_05_22_clemlb_bosmlb_1/,Swinging Strike,194.822,1.09305,2,bos,0.075502299,-131.3575925,0.303863105,-4.322836358,12.26160947,-4.322836358,12.26160947,-1.637820407,55,6.502662354,5.878998599,-134.6105015,-4.469352763,-7.802999901,28.83900024,-10.04599991,91.92,0.134390232,3.768476873,0.22,3.667,1
5/22/2016,160522_141518bos,b718eee4-5f02-4a84-b326-08ba964ef51c,7,3,519144,346874,16,Double,B,138,3.58,1.71,1.01,3.948,SL,24,0.915,R,2,0,R,gid_2016_05_22_clemlb_bosmlb_1/,Ball,165.852,-1.20749,2,bos,0.081002666,-122.4544499,0.325763403,-0.34001421,4.469849505,-0.34001421,4.469849505,-1.624353534,55,6.322080306,7.066369674,-125.4373641,-4.896190514,-0.533999967,24.64800026,-25.15900078,85.73,1.47946961,1.623519898,1.58,1.516,2
5/22/2016,160522_141531bos,fb770ca2-86f7-4573-9180-ae0b884035b7,7,4,519144,346874,16,Double,S,139,3.58,1.71,-2.973,9.337,FF,2,0.942,R,2,1,R,gid_2016_05_22_clemlb_bosmlb_1/,Foul,197.556,1.1508,2,bos,0.074356613,-133.2750536,0.300548823,-4.131495055,9.795160444,-4.131495055,9.795160444,-1.581787354,55,6.335084915,5.558646631,-136.8948862,-3.205526957,-7.623000072,32.59899857,-14.10600033,93.44,0.060397357,3.820923146,0.143,3.721,12
5/22/2016,160522_141551bos,3ac91ca7-0d9c-458b-be96-bc02cbced253,7,5,519144,346874,16,Double,B,140,3.58,1.71,9.457,-7.79,CU,24,0.912,R,2,1,R,gid_2016_05_22_clemlb_bosmlb_1/,Ball,50.7235,-2.97754,2,bos,0.09205734,-107.5709004,0.373575123,7.709483878,-7.142595911,7.709483878,-7.142595911,-1.628160207,55,6.365450336,4.401281905,-110.72691,-2.084049044,9.207000328,22.96499969,-40.70899811,75.57,1.822953529,-0.014456006,1.964,-0.139,12
5/22/2016,160522_141612bos,a19c5bf1-3520-4786-a398-152ca3ae4029,7,6,519144,346874,16,Double,B,141,3.58,1.71,-7.631,4.901,FT,5,0.878,R,2,2,R,gid_2016_05_22_clemlb_bosmlb_1/,Ball,237.04,0.554011,2,bos,0.077919572,-127.2099257,0.314560051,-8.911259006,5.390688795,-8.911259006,5.390688795,-1.76004251,55,6.257556353,3.332212321,-130.5779276,-1.962723661,-15.00999968,28.94099953,-23.0989994,89.07,-1.717781957,3.266986352,-1.622,3.163,22
5/22/2016,160522_141631bos,96f2325d-4f82-4dff-8715-afad48413b47,7,7,519144,346874,16,Double,X,142,3.58,1.71,4.574,1.714,SL,8,0.927,R,2,3,R,gid_2016_05_22_clemlb_bosmlb_1/,"In play, no out",111.065,0.354011,2,bos,0.08179549,-121.4892549,0.325776621,3.232944596,2.230011841,3.232944596,2.230011841,-1.804645658,55,6.226204578,3.837291698,-123.7827496,-0.584074113,5.077000214,18.7510009,-28.67700043,84.44,0.424479386,3.085577504,0.526,2.976,32
5/22/2016,160522_141715bos,800f2fb7-c3b6-488f-9198-6ba80ff4f7f1,2,1,519144,434658,17,Hit By Pitch,S,146,3.51,1.45,-10.002,8.248,FT,13,0.89,R,0,0,R,gid_2016_05_22_clemlb_bosmlb_1/,Called Strike,230.321,0.0368932,2,bos,0.076995277,-128.7061895,0.311233574,-11.26071146,8.735988015,-11.26071146,8.735988015,-1.567509518,55,6.299412546,8.673974465,-132.2063281,-4.976619703,-19.37499945,30.44099953,-17.14799919,90.4,0.369643493,2.620795182,0.461,2.518,0
5/22/2016,160522_141730bos,ea1152cf-7d8d-4424-9191-b401e2d1209b,2,2,519144,434658,17,Hit By Pitch,B,147,3.51,1.45,-8.888,7.151,FT,0,0.852,R,1,0,R,gid_2016_05_22_clemlb_bosmlb_1/,Hit By Pitch,230.994,0.648544,2,bos,0.077666953,-127.6427778,0.313286176,-10.16128582,7.642017328,-10.16128582,7.642017328,-1.813496529,55,6.163086554,3.42153707,-130.9649523,-2.659817105,-17.25499957,28.63800003,-19.20200005,89.34,-1.934622722,3.25189523,-1.839,3.148,1
5/22/2016,160522_141950bos,d99d3350-df70-4e00-ab9b-d71cf6c86e98,8,1,519144,467793,18,Walk,S,151,3.41,1.57,9.052,-8.064,CU,6,0.911,L,0,0,R,gid_2016_05_22_clemlb_bosmlb_1/,Called Strike,48.5044,0.233696,2,bos,0.092940648,-106.6430923,0.375336508,7.286184381,-7.410439176,7.286184381,-7.410439176,-1.704430995,55,6.201758329,0.596652469,-109.4880319,3.974946525,8.620000435,20.49599983,-40.94600143,74.7,-0.25837413,2.833643708,-0.112,2.705,0
5/22/2016,160522_142014bos,5174f489-d839-4374-b8df-764232eddfc5,8,2,519144,467793,18,Walk,S,152,3.41,1.57,1.183,6.011,SL,4,0.928,L,1,0,R,gid_2016_05_22_clemlb_bosmlb_1/,Foul,168.983,0.777174,2,bos,0.079571517,-124.7162223,0.319192968,-0.111868807,6.51834469,-0.111868807,6.51834469,-1.758377839,55,6.239128387,6.41919912,-127.5761189,-1.969600235,-0.183000015,24.05100014,-21.51599922,87.1,1.036310246,3.311448685,1.132,3.205,1
5/22/2016,160522_142052bos,c5b69214-d2ac-40b6-b95e-c13c524547f3,8,3,519144,467793,18,Walk,S,153,3.41,1.57,-3.38,8.647,FF,3,0.92,L,2,0,R,gid_2016_05_22_clemlb_bosmlb_1/,Foul,201.223,1.12065,2,bos,0.074219077,-133.6155039,0.298857911,-4.525644347,9.098447654,-4.525644347,9.098447654,-1.676289105,55,6.192215069,7.501543618,-136.9639839,-3.164821334,-8.445000099,30.20099976,-15.20099964,93.55,0.688444129,3.619546173,0.769,3.521,2
5/22/2016,160522_142127bos,f18e5595-a599-47fe-a39e-d604fd94a07e,8,4,519144,467793,18,Walk,B,154,3.41,1.57,-3.454,5.894,FF,9,0.767,L,2,0,R,gid_2016_05_22_clemlb_bosmlb_1/,Ball,210.171,0.308696,2,bos,0.075267735,-131.830105,0.302141181,-4.625628532,6.348257888,-4.625628532,6.348257888,-1.526246379,55,6.19887347,8.523182254,-134.9051762,-3.753020577,-8.445000099,27.34099915,-20.58899918,92.2,1.281694034,2.873199788,1.364,2.774,2
5/22/2016,160522_142202bos,f5c42cac-ea43-4a5e-8277-f64b2aa8b45b,8,5,519144,467793,18,Walk,B,159,3.41,1.57,2.432,1.967,SL,23,0.919,L,2,1,R,gid_2016_05_22_clemlb_bosmlb_1/,Ball In Dirt,129.664,-2.87065,2,bos,0.081454065,-121.8061614,0.327141467,1.074282168,2.488892999,1.074282168,2.488892999,-1.864153256,55,5.977323644,5.21165242,-124.6822801,-7.064648446,1.672999931,23.63100006,-28.30299988,85.22,0.64361221,-0.044657018,0.746,-0.151,12
5/22/2016,160522_142249bos,38873e03-2e48-43a0-95bc-8875b988f765,8,6,519144,467793,18,Walk,B,160,3.41,1.57,-7.958,7.581,FT,14,0.857,L,2,2,R,gid_2016_05_22_clemlb_bosmlb_1/,Ball,226.214,0.147826,2,bos,0.074881207,-132.4217124,0.301675319,-9.136474834,8.038372129,-9.136474834,8.038372129,-1.505788832,55,6.270464081,10.66168334,-135.777207,-4.96347177,-16.7319998,29.99800064,-17.45800056,92.92,1.472491619,2.725200244,1.556,2.626,22
5/22/2016,160522_142317bos,fb1aec04-f820-4fbc-bce7-986c34a8fbf0,8,7,519144,467793,18,Walk,S,161,3.41,1.57,-7.741,4.441,CH,12,0.931,L,2,3,R,gid_2016_05_22_clemlb_bosmlb_1/,Foul,239.85,0.0217391,2,bos,0.084619087,-117.0372941,0.343219174,-9.26468746,5.022495037,-9.26468746,5.022495037,-1.535555183,55,6.231519615,6.112724398,-120.4391889,-1.791224812,-13.10800021,26.9290004,-25.07300034,82.23,-0.110332813,2.62651375,0.008,2.51,32
5/22/2016,160522_142353bos,aab461d0-e39b-4eea-84fb-a28e098bafa7,8,8,519144,467793,18,Walk,B,162,3.41,1.57,-7.136,5.214,FT,24,0.912,L,2,3,R,gid_2016_05_22_clemlb_bosmlb_1/,Ball,233.617,-1.24565,2,bos,0.074819222,-132.5109835,0.301676856,-8.312573205,5.665305965,-8.312573205,5.665305965,-1.6495302,55,6.112737609,10.23129462,-135.9300582,-6.791622036,-15.22299998,30.5939994,-21.80399933,93.06,1.27940524,1.44145148,1.362,1.344,32
5/22/2016,160522_142508bos,e73d74d2-536b-4f92-88d0-c54d01eb2983,5,1,519144,543401,19,Single,B,167,3.26,1.48,-11.055,9.883,FT,21,0.811,L,0,0,R,gid_2016_05_22_clemlb_bosmlb_1/,Ball,228.054,-1.37865,2,bos,0.07803017,-126.8181218,0.31790024,-12.37163151,10.39610015,-12.37163151,10.39610015,-1.68362638,55,6.31492716,6.941817589,-130.809923,-8.403442317,-20.40299933,34.27999832,-15.03399982,89.5,-0.593051128,1.246820283,-0.495,1.143,0
5/22/2016,160522_142526bos,04822d29-0c7d-4111-8365-4653f78bf88b,5,2,519144,543401,19,Single,S,168,3.26,1.48,-9.872,8.456,FT,17,0.876,L,0,1,R,gid_2016_05_22_clemlb_bosmlb_1/,Called Strike,229.251,-0.359551,2,bos,0.077370215,-128.1464106,0.311903681,-11.13647785,8.947006174,-11.13647785,8.947006174,-1.700589906,55,6.277292258,7.683789052,-131.4394255,-6.047317385,-19.07899992,28.49400093,-16.85100021,89.87,-0.159158969,2.15265416,-0.066,2.05,10
5/22/2016,160522_142544bos,9d863f57-75de-477f-bdbf-b3c375985dcd,5,3,519144,543401,19,Single,B,169,3.26,1.48,-0.235,5.662,SL,24,0.905,L,1,1,R,gid_2016_05_22_clemlb_bosmlb_1/,Ball,182.31,-1.08202,2,bos,0.078768822,-125.7545676,0.319145526,-1.533308101,6.167455158,-1.533308101,6.167455158,-1.962447639,55,6.049946534,6.909441086,-129.3355376,-5.569214037,-2.50899999,30.44900085,-22.08700027,88.39,0.815943452,1.511066507,0.911,1.407,11
5/22/2016,160522_142605bos,c8ec1975-92c8-47d9-8819-3baba42f4e9e,5,4,519144,543401,19,Single,S,170,3.26,1.48,-7.487,3.058,CH,11,0.928,L,1,2,R,gid_2016_05_22_clemlb_bosmlb_1/,Foul,247.432,0.102247,2,bos,0.084442373,-117.3739168,0.341043914,-8.990603811,3.628203876,-8.990603811,3.628203876,-1.670655971,55,6.207792406,5.32382698,-120.5103164,-1.472759745,-12.88299982,24.87000038,-26.97999992,82.25,-0.589354888,2.575845012,-0.471,2.461,21
5/22/2016,160522_142651bos,2d83d440-9738-4f24-8584-56e433272af1,5,5,519144,543401,19,Single,X,171,3.26,1.48,-6.341,10.27,FF,13,0.827,L,2,2,R,gid_2016_05_22_clemlb_bosmlb_1/,"In play, run(s)",211.563,0.164045,2,bos,0.07431556,-133.4176428,0.299541799,-7.49923954,10.72719684,-7.49923954,10.72719684,-1.741992398,55,6.17191856,9.031118893,-136.834343,-6.150413689,-13.92999976,30.77900078,-12.25299969,93.59,0.791762483,2.614274429,0.873,2.516,22
5/22/2016,160522_142745bos,83bc1abc-d43a-4732-b216-dcf4151bf7ed,4,1,519144,596019,20,Groundout,S,182,3.27,1.54,7.387,-9.463,CU,18,0.909,L,0,0,R,gid_2016_05_22_clemlb_bosmlb_1/,Called Strike,38.1289,-0.53526,2,bos,0.091171185,-108.6095539,0.370108347,5.665226784,-8.832757294,5.665226784,-8.832757294,-1.727326053,55,6.241674218,2.523306285,-111.8167483,2.618610534,6.893000198,23.56500008,-42.92600098,76.28,0.433126978,2.067475085,0.573,1.942,0
5/22/2016,160522_142807bos,0b204527-d730-4be7-a9b7-038c6f733287,4,2,519144,596019,20,Groundout,S,183,3.27,1.54,9.535,-10.68,CU,21,0.915,L,1,0,R,gid_2016_05_22_clemlb_bosmlb_1/,Foul,41.9033,-0.981503,2,bos,0.092344672,-107.0848987,0.377689442,7.74928173,-10.02767528,7.74928173,-10.02767528,-1.781361174,55,6.278286361,0.352782333,-110.6803756,2.39963794,9.05400045,26.09900047,-43.89499893,75.48,-0.3967516,1.68399681,-0.25,1.556,1
5/22/2016,160522_142833bos,21fa2af1-6cd3-4ddf-96c9-6698edf3d174,4,3,519144,596019,20,Groundout,B,184,3.27,1.54,-1.69,9.882,FF,1,0.957,L,2,0,R,gid_2016_05_22_clemlb_bosmlb_1/,Ball,189.626,3.19653,2,bos,0.074917042,-132.2319614,0.3033905,-2.867410665,10.35018146,-2.867410665,10.35018146,-1.791321222,55,6.153439492,4.48980477,-135.9618022,0.669431746,-5.192000078,33.34400131,-13.43800011,92.75,-0.374571278,5.272860404,-0.29,5.17,2
5/22/2016,160522_142900bos,15e6394f-98eb-433e-99b9-50c5f3b71ffb,4,4,519144,596019,20,Groundout,X,186,3.27,1.54,8.181,-9.733,CU,11,0.912,L,2,1,R,gid_2016_05_22_clemlb_bosmlb_1/,"In play, out(s)",40.2068,0.049711,2,bos,0.093319316,-106.1329055,0.378369105,6.383073781,-9.074253681,6.383073781,-9.074253681,-1.541924778,55,6.303277881,0.349158677,-109.1965824,3.868265842,7.431000305,21.98999931,-42.7429985,74.5,-0.365416166,2.57826937,-0.215,2.448,12
5/22/2016,160522_150115bos,27675cb5-d2bc-4871-85e4-fd8420e20838,5,1,519144,502082,34,Groundout,B,296,3.52,1.62,-6.916,5.595,CH,0,0.948,L,0,0,R,gid_2016_05_22_clemlb_bosmlb_1/,Ball,230.74,1.52526,4,bos,0.086303498,-114.82032,0.348931251,-8.487889818,6.198445693,-8.487889818,6.198445693,-1.615591461,55,6.247264194,4.13668695,-117.9558218,1.249788416,-11.61899989,24.32900002,-23.69400063,80.48,-0.965360011,4.139754194,-0.84,4.019,0
5/22/2016,160522_150129bos,367e258e-ffbf-4205-85d2-fe2afb700e44,5,2,519144,502082,34,Groundout,S,297,3.52,1.62,-6.258,8.666,SL,16,0.342,L,0,1,R,gid_2016_05_22_clemlb_bosmlb_1/,Foul,215.663,-0.461053,4,bos,0.079629054,-124.4696061,0.321592545,-7.592191788,9.187576158,-7.592191788,9.187576158,-1.629030018,55,6.405811299,5.152768913,-127.7931644,-5.634335803,-12.23500006,27.94700005,-17.37299957,87.29,-0.546279691,2.238179455,-0.446,2.132,10
5/22/2016,160522_150144bos,672f2fc3-0668-414a-a3fe-033b1acbe576,5,3,519144,502082,34,Groundout,S,298,3.52,1.62,2.249,2.767,SL,17,0.93,L,1,1,R,gid_2016_05_22_clemlb_bosmlb_1/,Foul,141.391,-0.475789,4,bos,0.080835834,-122.8750249,0.322734416,0.927418432,3.277211772,0.927418432,3.277211772,-1.953320252,55,6.020931585,4.401617265,-125.3641964,-2.583186986,1.48400004,20.59699966,-26.93499985,85.55,0.145161189,2.225133427,0.245,2.118,11
5/22/2016,160522_150159bos,e6e90e1d-8d13-4ec8-9b1f-d8297fbceeb7,5,4,519144,502082,34,Groundout,B,299,3.52,1.62,-5.935,6.631,FT,9,0.653,L,2,1,R,gid_2016_05_22_clemlb_bosmlb_1/,Ball,221.621,0.345263,4,bos,0.077508935,-128.0047675,0.311312511,-7.184926189,7.115147265,-7.184926189,7.115147265,-1.741216037,55,6.170755187,8.857299943,-131.0308761,-3.162078463,-12.35600035,26.12899925,-19.94299927,89.57,0.914866099,3.001007013,1.006,2.898,12
5/22/2016,160522_150234bos,a539b704-50fc-4daf-b6a6-0159803b9183,5,5,519144,502082,34,Groundout,X,300,3.52,1.62,-2.743,7.308,FF,7,0.919,L,2,2,R,gid_2016_05_22_clemlb_bosmlb_1/,"In play, out(s)",200.435,0.335789,4,bos,0.073980016,-134.0302758,0.298099166,-3.881540845,7.753484588,-3.881540845,7.753484588,-1.791959685,55,6.091692028,6.263933217,-137.44015,-3.994733642,-7.280000137,30.85600044,-17.63699951,93.85,0.159789985,2.987095762,0.24,2.889,22
5/22/2016,160522_150313bos,6dbe3231-87ef-479f-abe7-81c2090bf58d,4,1,519144,346874,35,Double,S,304,3.58,1.71,-5.958,6.168,FT,17,0.55,R,0,0,R,gid_2016_05_22_clemlb_bosmlb_1/,Called Strike,223.782,-0.645989,4,bos,0.078033563,-127.0979765,0.314031954,-7.22934664,6.658951609,-7.22934664,6.658951609,-1.692556536,55,6.096755134,6.294931429,-130.2412594,-4.675465378,-12.21799986,26.96300079,-20.92499962,88.96,-0.114660583,2.143488307,-0.021,2.041,0
5/22/2016,160522_150328bos,08d28a9b-b42e-42c1-9278-c840269d0f5d,4,2,519144,346874,35,Double,S,305,3.58,1.71,-6.883,5.295,FT,10,0.823,R,1,0,R,gid_2016_05_22_clemlb_bosmlb_1/,Foul,232.185,-0.130481,4,bos,0.077981292,-127.2327733,0.313165295,-8.150413496,5.781373719,-8.150413496,5.781373719,-1.862043969,55,6.20116556,4.782820067,-130.2305211,-3.517472915,-13.85100024,25.72700073,-22.35400047,88.89,-1.085586257,2.626173226,-0.992,2.523,1
5/22/2016,160522_150345bos,411e4014-d176-4888-b9c0-73b9675df29d,4,3,519144,346874,35,Double,S,306,3.58,1.71,-4.228,8.195,FF,1,0.903,R,2,0,R,gid_2016_05_22_clemlb_bosmlb_1/,Foul,207.144,1.37326,4,bos,0.075212127,-131.8815616,0.302483194,-5.404124521,8.655712906,-5.404124521,8.655712906,-1.730607479,55,6.079483775,5.285772833,-135.095878,-1.538180683,-9.84399979,28.60499908,-16.41199913,92.19,-0.384883932,4.029116591,-0.3,3.929,2
5/22/2016,160522_150404bos,fbf70898-2c63-426e-9048-c2a87bb0e87f,4,4,519144,346874,35,Double,X,307,3.58,1.71,-8.54,6.222,FT,10,0.882,R,2,0,R,gid_2016_05_22_clemlb_bosmlb_1/,"In play, no out",233.719,-0.0502674,4,bos,0.077857583,-127.374276,0.313469216,-9.814110498,6.711162958,-9.814110498,6.711162958,-1.799341851,55,6.067664188,5.11407736,-130.5573292,-3.362345502,-16.64600031,27.36700012,-20.79599991,89.11,-1.138754581,2.702017297,-1.044,2.598,2
5/22/2016,160522_150450bos,3a25bdea-d998-4d01-b57b-0460740ca43c,4,1,519144,434658,36,Strikeout,S,311,3.51,1.45,-6.423,7.244,FF,15,0.462,R,0,0,R,gid_2016_05_22_clemlb_bosmlb_1/,Called Strike,221.373,-0.852427,4,bos,0.077386767,-128.3381149,0.309133951,-7.656953608,7.722893198,-7.656953608,7.722893198,-1.81721621,55,6.18123015,5.352486886,-130.97802,-6.566367226,-13.35399954,22.81899979,-18.70999947,89.49,-0.748384485,1.703388636,-0.658,1.602,0
5/22/2016,160522_150510bos,031af4fc-fb6c-491a-8fb7-7a1ae8338d8c,4,2,519144,434658,36,Strikeout,S,312,3.51,1.45,-7.094,7.387,FT,21,0.588,R,1,0,R,gid_2016_05_22_clemlb_bosmlb_1/,Foul,223.656,-1.15534,4,bos,0.07673802,-129.2299979,0.308995087,-8.328924672,7.866047333,-8.328924672,7.866047333,-1.785761015,55,6.121421846,6.470003303,-132.4672123,-7.260852786,-14.53899996,28.23899986,-18.44800034,90.56,-0.34947569,1.390166571,-0.259,1.29,1
5/22/2016,160522_150542bos,c4726c3c-3c3b-442b-a395-1938f08dc84f,4,3,519144,434658,36,Strikeout,B,313,3.51,1.45,-3.287,10.08,FF,1,0.949,R,2,0,R,gid_2016_05_22_clemlb_bosmlb_1/,Ball,197.958,2.11068,4,bos,0.074805218,-132.6150257,0.300650821,-4.446690619,10.53940018,-4.446690619,10.53940018,-1.696282608,55,6.190268454,4.569054842,-135.7989507,-0.85387687,-8.198999809,28.48699905,-12.74599972,92.64,-0.509203004,4.754153125,-0.425,4.654,2
5/22/2016,160522_150603bos,f07152ca-719c-4d81-b5fc-9614fd1c7ad1,4,4,519144,434658,36,Strikeout,S,314,3.51,1.45,-7.009,7.526,CH,23,0.926,R,2,1,R,gid_2016_05_22_clemlb_bosmlb_1/,Swinging Strike (Blocked),222.745,-1.85631,4,bos,0.084672895,-117.1170994,0.340984829,-8.511011982,8.108482735,-8.511011982,8.108482735,-1.568092191,55,6.035939012,7.001152399,-120.0583398,-6.64743563,-12.20000021,23.2529998,-20.55600014,82.12,0.37171502,0.682422566,0.488,0.568,12
5/22/2016,160522_150659bos,f666058b-efd1-495b-9870-0d1c5b3fdc7a,5,1,519144,467793,37,Groundout,B,318,3.41,1.57,-6,4.377,CH,22,0.917,L,0,0,R,gid_2016_05_22_clemlb_bosmlb_1/,Ball,233.549,-1.35761,4,bos,0.084410081,-117.3925272,0.341329032,-7.502022517,4.951950315,-7.502022517,4.951950315,-1.481711669,55,6.305631192,5.451879502,-120.6083142,-4.728046881,-10.7319998,25.51200058,-25.09499969,82.38,-0.105784826,1.354976607,0.011,1.241,0
5/22/2016,160522_150721bos,12c360a4-b081-4711-9e45-6ec3a157dd20,5,2,519144,467793,37,Groundout,B,319,3.41,1.57,-3.267,8.857,FF,2,0.933,L,0,1,R,gid_2016_05_22_clemlb_bosmlb_1/,Ball,200.13,0.990217,4,bos,0.074686013,-132.5137561,0.30405695,-4.453716708,9.324016098,-4.453716708,9.324016098,-1.699585692,55,6.105437879,5.683284626,-136.6332153,-3.073733613,-8.02900021,36.95799973,-15.36999931,93.26,-0.031204237,3.501396074,0.054,3.401,10
5/22/2016,160522_150747bos,4fc0f364-ba03-4a11-9e0d-fe1cd6403f38,5,3,519144,467793,37,Groundout,B,320,3.41,1.57,-8.152,5.894,FT,14,0.914,L,0,2,R,gid_2016_05_22_clemlb_bosmlb_1/,Ball,233.924,-0.220652,4,bos,0.075940932,-130.492588,0.306978395,-9.372874734,6.362608896,-9.372874734,6.362608896,-1.556788208,55,6.223785526,9.540064277,-134.0428868,-4.726998824,-16.57700007,31.3059993,-20.92599907,91.68,0.988930806,2.387608594,1.077,2.287,20
5/22/2016,160522_150813bos,fe7d80b5-a6bf-42b2-b64d-79163d0db165,5,4,519144,467793,37,Groundout,S,321,3.41,1.57,-7.98,5.501,FT,16,0.896,L,0,3,R,gid_2016_05_22_clemlb_bosmlb_1/,Foul,235.191,-0.522826,4,bos,0.07728021,-128.2684704,0.311898505,-9.239718947,5.984513266,-9.239718947,5.984513266,-1.675657497,55,6.211292483,6.060792277,-131.6461943,-4.911692121,-15.83000033,29.26399948,-21.92599907,89.92,-0.531056366,2.110583994,-0.438,2.009,30
5/22/2016,160522_150904bos,f437eb2f-0f9a-4ca4-a293-40a111d4de1b,5,5,519144,467793,37,Groundout,X,322,3.41,1.57,-7.884,5.585,FT,7,0.899,L,1,3,R,gid_2016_05_22_clemlb_bosmlb_1/,"In play, out(s)",234.463,0.230435,4,bos,0.076733288,-129.1070796,0.310680005,-9.133497139,6.064094952,-9.133497139,6.064094952,-1.627733932,55,6.241754547,7.55877648,-132.7337863,-3.467566467,-15.77100031,31.65400078,-21.70800056,90.68,0.160641665,2.80435312,0.251,2.702,31
5/22/2016,160522_152056bos,944a4366-5c89-4bb1-8df4-8928dba76e66,3,1,519144,543401,41,Flyout,B,356,3.26,1.48,-7.125,5.711,FT,0,0.615,L,0,0,R,gid_2016_05_22_clemlb_bosmlb_1/,Ball,231.045,3.34831,5,bos,0.079870964,-124.1968879,0.321109792,-8.457823742,6.223191811,-8.457823742,6.223191811,-1.869590688,55,6.291471764,2.945487503,-127.2001452,2.983903598,-13.67099993,25.16699936,-22.11999931,86.77,-1.898281216,5.460201271,-1.796,5.35,0
5/22/2016,160522_152109bos,66ad3ef2-7e17-440c-957f-40049a581926,3,2,519144,543401,41,Flyout,S,357,3.26,1.48,-8.065,8.072,FT,5,0.522,L,0,1,R,gid_2016_05_22_clemlb_bosmlb_1/,Called Strike,224.792,0.738202,5,bos,0.079440136,-124.7639057,0.320853382,-9.398021588,8.589477437,-9.398021588,8.589477437,-1.850634661,55,6.275764618,5.569436513,-128.1004379,-3.130688199,-15.2149996,28.12300064,-18.27299919,87.45,-0.872324033,3.13511693,-0.772,3.027,10
5/22/2016,160522_152124bos,09f92b63-8bea-44d9-8674-b857c40df5e3,3,3,519144,543401,41,Flyout,X,358,3.26,1.48,-9.136,9.016,FT,12,0.698,L,1,1,R,gid_2016_05_22_clemlb_bosmlb_1/,"In play, out(s)",225.214,-0.130337,5,bos,0.078773085,-125.7968256,0.318483701,-10.45194551,9.528104435,-10.45194551,9.528104435,-1.766120542,55,6.371937247,8.082395372,-129.2317351,-5.595903218,-17.17400019,29.20000031,-16.52299919,88.37,0.125517564,2.360176858,0.223,2.254,11
5/22/2016,160522_152205bos,928f81b8-e748-4fe7-ab19-3de589af9c9d,5,1,519144,596019,42,Groundout,B,362,3.27,1.54,-9.949,7.825,FT,5,0.845,L,0,0,R,gid_2016_05_22_clemlb_bosmlb_1/,Ball,231.635,0.680925,5,bos,0.078521878,-126.237088,0.316951599,-11.25454628,8.330003797,-11.25454628,8.330003797,-1.830530231,55,6.270352454,5.09761022,-129.5705304,-3.317519904,-18.67200034,28.42399933,-18.35899963,88.44,-1.37733403,3.099002203,-1.279,2.994,0
5/22/2016,160522_152219bos,f6d1e97a-643d-4a0e-8082-8e1580b635c1,5,2,519144,596019,42,Groundout,S,363,3.27,1.54,-8.243,7.976,FT,12,0.616,L,0,1,R,gid_2016_05_22_clemlb_bosmlb_1/,Called Strike,225.76,-0.247399,5,bos,0.079051809,-125.3686408,0.319397673,-9.565118705,8.489065757,-9.565118705,8.489065757,-1.756150955,55,6.29629103,7.743534854,-128.7457809,-5.136814041,-15.62700026,28.60600044,-18.30999985,88.01,0.136049115,2.297243596,0.234,2.191,10
5/22/2016,160522_152231bos,64d489eb-ac9e-45ad-a950-d6fbfd3f4dce,5,3,519144,596019,42,Groundout,S,364,3.27,1.54,9.438,-10.602,CU,6,0.913,L,1,1,R,gid_2016_05_22_clemlb_bosmlb_1/,Called Strike,41.8262,0.724855,5,bos,0.094466191,-104.8229598,0.383449443,7.595749535,-9.928289247,7.595749535,-9.928289247,-1.905553146,55,6.374822169,0.692173422,-107.9131266,5.267962936,8.610000206,21.91299965,-43.43300095,73.67,-0.358379774,3.164253194,-0.204,3.032,11
5/22/2016,160522_152246bos,6cde3b05-9c3d-47f5-8c15-6c96d9007a74,5,4,519144,596019,42,Groundout,B,365,3.27,1.54,-6.469,9.099,FT,9,0.493,L,2,1,R,gid_2016_05_22_clemlb_bosmlb_1/,Ball,215.256,0.507514,5,bos,0.077587991,-127.9038559,0.311245612,-7.71948784,9.588765757,-7.71948784,9.588765757,-1.746693743,55,6.14735354,11.19642228,-130.8390093,-4.140481711,-13.28099959,25.31500008,-15.68199959,89.58,1.824461767,2.947687965,1.914,2.844,12
5/22/2016,160522_152259bos,fe087a5b-3dc6-4dbd-9475-a689a7977133,5,5,519144,596019,42,Groundout,X,366,3.27,1.54,11.075,-9.406,CU,6,0.912,L,2,2,R,gid_2016_05_22_clemlb_bosmlb_1/,"In play, out(s)",49.824,0.390751,5,bos,0.091719546,-107.9960323,0.371657096,9.351056497,-8.770086327,9.351056497,-8.770086327,-1.924045275,55,6.124282516,-0.276225299,-111.0775989,4.476682941,11.28299959,22.5029998,-42.76100006,75.8,-0.605257087,2.870648301,-0.463,2.743,22
5/22/2016,160522_152346bos,93d534d6-7c77-434e-a827-d6d5b42c6966,6,1,519144,435063,43,Strikeout,S,370,3.24,1.44,-6.089,3.561,CH,15,0.925,R,0,0,R,gid_2016_05_22_clemlb_bosmlb_1/,Called Strike,239.309,-0.301111,5,bos,0.083881657,-118.1561505,0.338816147,-7.568296038,4.12440413,-7.568296038,4.12440413,-1.760253389,55,6.041025386,4.364809617,-121.3205502,-2.236915551,-10.98800032,25.25999977,-26.19100037,82.79,-0.917881302,2.182446533,-0.802,2.069,0
5/22/2016,160522_152400bos,4b5f1478-2d1d-4927-8cfa-1f8b43781d80,6,2,519144,435063,43,Strikeout,B,371,3.24,1.44,3.667,1.506,SL,1,0.929,R,1,0,R,gid_2016_05_22_clemlb_bosmlb_1/,Ball,112.953,1.24222,5,bos,0.080834781,-122.8152544,0.323585104,2.342093477,2.01477793,2.342093477,2.01477793,-2.002933908,55,5.993116393,3.024933923,-125.487317,0.976461512,3.728000237,22.11600067,-28.9720005,85.59,-0.29051738,3.566165563,-0.19,3.458,1
5/22/2016,160522_152416bos,11b91564-be00-4a38-9a9b-30fc2319e7dd,6,3,519144,435063,43,Strikeout,S,372,3.24,1.44,-5.707,5.073,FT,5,0.606,R,1,1,R,gid_2016_05_22_clemlb_bosmlb_1/,Foul,228.096,0.705556,5,bos,0.078227863,-126.7133838,0.315739939,-6.991778091,5.566984359,-6.991778091,5.566984359,-1.753883733,55,6.189529833,4.470306081,-130.0538796,-2.239924313,-11.68899958,28.59099915,-22.87200012,88.74,-0.913770155,3.080684214,-0.818,2.975,11
5/22/2016,160522_152439bos,8cde30d2-c8f1-40ed-aa94-9eb2d3175332,6,4,519144,435063,43,Strikeout,S,373,3.24,1.44,-7.939,3.896,CH,21,0.941,R,2,1,R,gid_2016_05_22_clemlb_bosmlb_1/,Foul,243.539,-1.24444,5,bos,0.086641946,-114.5150743,0.347939466,-9.505293872,4.491152843,-9.505293872,4.491152843,-1.634093162,55,6.047635622,5.373351157,-117.2120397,-3.661833508,-13.08599989,20.83200027,-25.99600067,80.04,-0.560074521,1.337108538,-0.436,1.22,12
5/22/2016,160522_152459bos,1a42a2fe-de81-49ed-bb24-14aa68a40350,6,5,519144,435063,43,Strikeout,B,374,3.24,1.44,-1.678,7.249,FF,2,0.935,R,2,1,R,gid_2016_05_22_clemlb_bosmlb_1/,Ball,192.925,3.10444,5,bos,0.074950396,-132.1881559,0.303336936,-2.854804511,7.710346378,-2.854804511,7.710346378,-1.679046207,55,6.140142319,5.399145458,-135.8716255,1.60424241,-5.170999931,32.91300156,-18.21299973,92.72,0.117123072,5.236049598,0.202,5.134,12
5/22/2016,160522_152515bos,db1bf561-e72a-4971-a60d-31a1ccfe4835,6,6,519144,435063,43,Strikeout,S,375,3.24,1.44,-6.937,5.924,FT,2,0.814,R,2,2,R,gid_2016_05_22_clemlb_bosmlb_1/,Swinging Strike,229.272,1.55778,5,bos,0.077884808,-127.2864819,0.314155049,-8.212080249,6.415465614,-8.212080249,6.415465614,-1.761761832,55,6.188238162,7.491178985,-130.597161,-0.844354592,-13.86800043,28.45899918,-21.34499969,89.19,0.178086036,3.846969312,0.272,3.742,22
5/22/2016,160522_154548bos,756cc1c4-2f32-4d49-878b-2238fea7caa4,5,1,519144,608070,50,Groundout,B,436,3.39,1.55,-6.025,6.892,CH,21,0.706,L,0,0,R,gid_2016_05_22_clemlb_bosmlb_1/,Ball,220.938,-1.17717,6,bos,0.08148719,-121.6793461,0.328394396,-7.415276663,7.430805702,-7.415276663,7.430805702,-1.911455503,55,6.218533562,5.660088379,-124.7843471,-5.8353451,-11.46000044,25.50900032,-20.69500008,85.26,-0.524683883,1.495544064,-0.418,1.387,0
5/22/2016,160522_154600bos,1a44622c-6538-441b-9ae9-6dfe0e2323e0,5,2,519144,608070,50,Groundout,S,437,3.39,1.55,-5.007,7.762,SL,11,0.512,L,0,1,R,gid_2016_05_22_clemlb_bosmlb_1/,Called Strike,212.64,-0.422826,6,bos,0.080656889,-122.8929402,0.325607111,-6.372013559,8.294368096,-6.372013559,8.294368096,-1.969255019,55,6.207770061,6.184738895,-126.1459263,-4.738108904,-10.01700013,27.00399925,-19.13999977,86.17,-0.207016704,2.190053785,-0.104,2.081,10
5/22/2016,160522_154612bos,f2e8ef30-3d3e-400c-920d-de7ec8cdac3a,5,3,519144,608070,50,Groundout,S,438,3.39,1.55,-4.623,9.48,FF,17,0.891,L,1,1,R,gid_2016_05_22_clemlb_bosmlb_1/,Called Strike,205.862,-0.471739,6,bos,0.077246896,-128.4920792,0.309575811,-5.855460217,9.96572534,-5.855460217,9.96572534,-2.050629768,55,6.047661127,7.383978262,-131.3703713,-6.042824203,-10.18300002,24.93200066,-14.84799995,89.81,0.167966082,2.13826932,0.258,2.036,11
5/22/2016,160522_154626bos,d7e0a379-a065-44ad-a0c1-9996beba96f2,5,4,519144,608070,50,Groundout,B,439,3.39,1.55,11.748,-7.742,CU,0,0.912,L,2,1,R,gid_2016_05_22_clemlb_bosmlb_1/,Ball,56.8168,1.71739,6,bos,0.093778568,-105.6503416,0.379499438,9.952057684,-7.072814152,9.952057684,-7.072814152,-1.885838852,55,6.146011875,-1.588685313,-108.5884647,6.70591919,11.51699979,20.98199989,-40.3640007,74.19,-1.156938236,4.182633046,-1.006,4.05,12
5/22/2016,160522_154640bos,3b9ed7d5-918a-456f-bda1-df88878587f3,5,5,519144,608070,50,Groundout,X,440,3.39,1.55,-8.3,4.917,FT,2,0.736,L,2,2,R,gid_2016_05_22_clemlb_bosmlb_1/,"In play, out(s)",239.113,1.19348,6,bos,0.079380322,-124.9866079,0.318835098,-9.616843624,5.419881887,-9.616843624,5.419881887,-1.952231696,55,5.914952288,7.605537563,-127.9427299,-0.026218456,-15.76699965,24.92299988,-23.29299965,87.39,-0.133800891,3.674856778,-0.036,3.568,22
5/22/2016,160522_154728bos,0f8878bb-213c-4512-8581-c879aebaa490,3,1,519144,543228,51,Flyout,B,444,3.24,1.42,6.643,-10.845,CU,1,0.903,R,0,0,R,gid_2016_05_22_clemlb_bosmlb_1/,Ball,31.6142,1.47912,6,bos,0.095138386,-104.202091,0.38376234,4.788451859,-10.17071151,4.788451859,-10.17071151,-1.78232169,55,6.270463495,0.816506032,-106.9143852,6.807777977,5.419000221,19.08699944,-43.68900146,73.05,-0.603697159,3.809760465,-0.447,3.676,0
5/22/2016,160522_154742bos,310eaf01-d5da-4795-a79f-fff59e1ef7cd,3,2,519144,543228,51,Flyout,B,445,3.24,1.42,-8.297,5.632,CH,0,0.552,R,0,1,R,gid_2016_05_22_clemlb_bosmlb_1/,Ball,235.601,1.96703,6,bos,0.080058072,-123.8736568,0.322323044,-9.643268681,6.147506091,-9.643268681,6.147506091,-1.844948718,55,6.23057385,5.438672979,-126.9679994,0.401398288,-15.46999972,25.87300064,-22.31699982,86.65,-0.95208043,4.228803134,-0.85,4.12,10
5/22/2016,160522_154803bos,7eaf88a1-abef-4b43-a17e-c50555e42d23,3,3,519144,543228,51,Flyout,X,446,3.24,1.42,-7.059,4.819,FT,7,0.771,R,0,2,R,gid_2016_05_22_clemlb_bosmlb_1/,"In play, out(s)",235.417,0.817582,6,bos,0.078709891,-125.9556733,0.317435586,-8.361509025,5.317388025,-8.361509025,5.317388025,-1.885357256,55,6.099924652,7.355372592,-129.2212894,-1.628401067,-13.83000033,27.77699997,-23.38399925,88.26,0.00573652,3.179172661,0.102,3.074,20
5/22/2016,160522_154838bos,87dc79e2-a723-44ae-a15a-7884e5c0b849,4,1,519144,502082,52,Hit By Pitch,S,450,3.52,1.62,-5.215,5.352,CH,22,0.473,L,0,0,R,gid_2016_05_22_clemlb_bosmlb_1/,Foul,223.985,-1.20316,6,bos,0.080366638,-123.4264844,0.323164441,-6.559369483,5.870097319,-6.559369483,5.870097319,-1.742493338,55,6.29155626,6.239632099,-126.4243136,-5.681288911,-10.46799986,24.9670005,-22.8109993,86.39,-0.005130179,1.532745143,0.096,1.427,0
5/22/2016,160522_154859bos,f9278b90-2352-48a0-8668-3126f0c49439,4,2,519144,502082,52,Hit By Pitch,S,451,3.52,1.62,-6.44,4.032,FT,11,0.908,L,1,0,R,gid_2016_05_22_clemlb_bosmlb_1/,Foul,237.664,0.0915789,6,bos,0.076486945,-129.6895313,0.30753298,-7.660699447,4.498249496,-7.660699447,4.498249496,-1.636553983,55,6.157625808,5.271155645,-132.8322422,-2.945534151,-13.5000004,27.5010009,-24.25199928,90.66,-0.614111174,2.757714183,-0.524,2.657,1
5/22/2016,160522_154936bos,11bfe070-7784-4c7d-b920-0f73ef471059,4,3,519144,502082,52,Hit By Pitch,B,452,3.52,1.62,-8.316,7.457,FT,24,0.862,L,2,0,R,gid_2016_05_22_clemlb_bosmlb_1/,Ball,227.934,-1.07053,6,bos,0.076858392,-128.9838179,0.310047825,-9.561824643,7.939348114,-9.561824643,7.939348114,-1.67339239,55,6.262411907,9.681952262,-132.3462326,-6.936391831,-16.57800047,29.29000046,-18.41399994,90.6,0.94382098,1.653757254,1.034,1.553,2
5/22/2016,160522_154956bos,fa9bb0b9-15cc-4b22-9e90-495cfb659ec2,4,4,519144,502082,52,Hit By Pitch,B,453,3.52,1.62,3.341,2.526,SL,24,0.918,L,2,1,R,gid_2016_05_22_clemlb_bosmlb_1/,Hit By Pitch,127.638,-2.71895,6,bos,0.081550891,-121.5216353,0.329570844,1.96553208,3.057132853,1.96553208,3.057132853,-1.847639612,55,6.187971852,10.56764841,-124.8106079,-7.299997483,3.015999866,27.00600006,-27.48799934,85.55,3.22932857,0.093142989,3.331,-0.013,12